from,to,rank
100663,100751,1
100663,100858,2
100663,100706,3
100663,134130,4
100663,100724,5
100663,176080,6
100663,100812,7
100663,137351,8
100663,101587,9
100663,198695,10
100724,100751,1
100724,176080,2
100724,134097,3
100724,102368,4
100724,100858,5
100724,100654,6
100724,175856,7
100724,134130,8
100724,100663,9
100724,171100,10
100751,100858,1
100751,134097,2
100751,100663,3
100751,134130,4
100751,218663,5
100751,106397,6
100751,223232,7
100751,137351,8
100751,132903,9
100751,135726,10
100858,134130,1
100858,100751,2
100858,139959,3
100858,217882,4
100858,126818,5
100858,218663,6
100858,104151,7
100858,100663,8
100858,134097,9
100858,223232,10
101480,100812,1
101480,100724,2
101480,243744,3
101480,134130,4
101480,102049,5
101480,211644,6
101480,213020,7
101480,220075,8
101480,216038,9
101480,110538,10
102049,223232,1
102049,100751,2
102049,101709,3
102049,219709,4
102049,100663,5
102049,102368,6
102049,100724,7
102049,137847,8
102049,225247,9
102049,222178,10
102094,100751,1
102094,100724,2
102094,102368,3
102094,176017,4
102094,176080,5
102094,134097,6
102094,101879,7
102094,100706,8
102094,102377,9
102094,102049,10
102553,102614,1
102553,236948,2
102553,161253,3
102553,190415,4
102553,236939,5
102553,174066,6
102553,110680,7
102553,110529,8
102553,110422,9
102553,174783,10
102614,102553,1
102614,228778,2
102614,187967,3
102614,190415,4
102614,235097,5
102614,209542,6
102614,234827,7
102614,161253,8
102614,155317,9
102614,142276,10
102632,180489,1
102632,102614,2
102632,102553,3
102632,102669,4
102632,236939,5
102632,235167,6
102632,209542,7
102632,180692,8
104151,104179,1
104151,105330,2
104151,228778,3
104151,110635,4
104151,110680,5
104151,193900,6
104151,171100,7
104151,243744,8
104151,134097,9
104151,223232,10
104179,104151,1
104179,105330,2
104179,110583,3
104179,110680,4
104179,104717,5
104179,229115,6
104179,228778,7
104179,123961,8
104179,171100,9
104179,170976,10
105330,104151,1
105330,104179,2
105330,126818,3
105330,110538,4
105330,110583,5
105330,122409,6
105330,110617,7
105330,230764,8
105330,104717,9
105330,147703,10
106458,106397,1
106458,106704,2
106458,106467,3
106458,237525,4
106458,157447,5
106458,220862,6
106458,214041,7
106458,213020,8
106458,207388,9
106458,133650,10
106704,106458,1
106704,107071,2
106704,106245,3
106704,187985,4
106704,145813,5
106704,106467,6
106704,107983,7
106704,137351,8
106704,187648,9
106704,106412,10
107044,222178,1
107080,106704,1
109651,108232,1
109651,111081,2
109651,110370,3
109651,110185,4
109651,113582,5
109651,136774,6
109651,120403,7
109651,122612,8
109651,104151,9
109651,132338,10
109785,123961,1
109785,111948,2
109785,110097,3
109785,117636,4
109785,110592,5
109785,122409,6
109785,110583,7
109785,110662,8
109785,121309,9
109785,120883,10
110097,123961,1
110097,109785,2
110097,111948,3
110097,121150,4
110097,122409,5
110097,110662,6
110097,110583,7
110097,110413,8
110097,110592,9
110097,123651,10
110404,166683,1
110404,110635,2
110404,243744,3
110404,110662,4
110404,190415,5
110404,130794,6
110404,166027,7
110404,123961,8
110404,190150,9
110404,186131,10
110413,123961,1
110413,109785,2
110413,121150,3
110413,204796,4
110413,122409,5
110413,110097,6
110413,125727,7
110413,111948,8
110413,121345,9
110413,121257,10
110422,110529,1
110422,110644,2
110422,110662,3
110422,110705,4
110422,110635,5
110422,110680,6
110422,123961,7
110422,110538,8
110422,110583,9
110422,110608,10
110486,110538,1
110486,110583,2
110486,110510,3
110486,110617,4
110486,110574,5
110486,110556,6
110486,110592,7
110486,135726,8
110486,110495,9
110486,122755,10
110495,110538,1
110495,110617,2
110495,110574,3
110495,110510,4
110495,110556,5
110495,122597,6
110495,123572,7
110495,122409,8
110495,110592,9
110495,110486,10
110510,110583,1
110510,110529,2
110510,110592,3
110510,110617,4
110510,122409,5
110510,110565,6
110510,110556,7
110510,110538,8
110510,110495,9
110510,110486,10
110529,110422,1
110529,110583,2
110529,110662,3
110529,110680,4
110529,110635,5
110529,110644,6
110529,110565,7
110529,110653,8
110529,122409,9
110529,110510,10
110538,110583,1
110538,110617,2
110538,122597,3
110538,110635,4
110538,110592,5
110538,110705,6
110538,110714,7
110538,122755,8
110538,110556,9
110538,110422,10
110547,110583,1
110547,110592,2
110547,110680,3
110547,110486,4
110547,123961,5
110547,122931,6
110547,110565,7
110547,110510,8
110547,110574,9
110547,110422,10
110556,110538,1
110556,110617,2
110556,122755,3
110556,110583,4
110556,110510,5
110556,122597,6
110556,110608,7
110556,110495,8
110556,110592,9
110556,110422,10
110565,110583,1
110565,110529,2
110565,110592,3
110565,110653,4
110565,122409,5
110565,122597,6
110565,110510,7
110565,121150,8
110565,110422,9
110565,110608,10
110574,110635,1
110574,122597,2
110574,110538,3
110574,122755,4
110574,110617,5
110574,122409,6
110574,110583,7
110574,123572,8
110574,110486,9
110574,122612,10
110583,110592,1
110583,110662,2
110583,110565,3
110583,110680,4
110583,122409,5
110583,110705,6
110583,123961,7
110583,110635,8
110583,122597,9
110583,110653,10
110592,110583,1
110592,123961,2
110592,122409,3
110592,110662,4
110592,110538,5
110592,110565,6
110592,110608,7
110592,110644,8
110592,110635,9
110592,110680,10
110608,110583,1
110608,110592,2
110608,110422,3
110608,123961,4
110608,121150,5
110608,120883,6
110608,122409,7
110608,110538,8
110608,110662,9
110608,110529,10
110617,110538,1
110617,122755,2
110617,110635,3
110617,110556,4
110617,122597,5
110617,110574,6
110617,110422,7
110617,110583,8
110617,110510,9
110617,110592,10
110635,243744,1
110635,110662,2
110635,123961,3
110635,166027,4
110635,130794,5
110635,110680,6
110635,110705,7
110635,110644,8
110635,190415,9
110635,193900,10
110644,110635,1
110644,110705,2
110644,110662,3
110644,110680,4
110644,110653,5
110644,123961,6
110644,110714,7
110644,110422,8
110644,243744,9
110644,110529,10
110653,110680,1
110653,110662,2
110653,110705,3
110653,110644,4
110653,123961,5
110653,110635,6
110653,110583,7
110653,243744,8
110653,110529,9
110653,110714,10
110662,110635,1
110662,123961,2
110662,243744,3
110662,110680,4
110662,110705,5
110662,193900,6
110662,166027,7
110662,110583,8
110662,130794,9
110662,110644,10
110671,110680,1
110671,110705,2
110671,110653,3
110671,110662,4
110671,110714,5
110671,110529,6
110671,121150,7
110671,122409,8
110671,110644,9
110671,123961,10
110680,110662,1
110680,122409,2
110680,110705,3
110680,110635,4
110680,123961,5
110680,110653,6
110680,243744,7
110680,110644,8
110680,110583,9
110680,121150,10
110699,110662,1
110699,110635,2
110699,243744,3
110699,122597,4
110699,123961,5
110699,122612,6
110699,110680,7
110699,110644,8
110699,110592,9
110699,122755,10
110705,110680,1
110705,110662,2
110705,110635,3
110705,123961,4
110705,110644,5
110705,110714,6
110705,110653,7
110705,110583,8
110705,243744,9
110705,121150,10
110714,110705,1
110714,110635,2
110714,110644,3
110714,110680,4
110714,122409,5
110714,110662,6
110714,110538,7
110714,110653,8
110714,110583,9
110714,122597,10
111081,110662,1
111081,109651,2
111081,108232,3
111081,110370,4
111081,193900,5
111081,120403,6
111081,123961,7
111081,236948,8
111081,140951,9
111081,121150,10
111948,123961,1
111948,110662,2
111948,121150,3
111948,110635,4
111948,110680,5
111948,109785,6
111948,110097,7
111948,110583,8
111948,120883,9
111948,243744,10
115083,110635,1
115755,110538,1
115755,110714,2
115755,243744,3
115755,110635,4
115755,123572,5
115755,123961,6
115755,122597,7
115755,409698,8
115755,110662,9
115755,110705,10
117140,123961,1
117140,111948,2
117140,110529,3
117140,110662,4
117140,110583,5
117140,110565,6
117140,122597,7
117140,122409,8
117140,125727,9
117140,125763,10
117946,110680,1
117946,123961,2
117946,121150,3
117946,110583,4
117946,110635,5
117946,110705,6
117946,122409,7
117946,110714,8
117946,110662,9
117946,122436,10
118888,243744,1
118888,122612,2
118888,122409,3
118888,110608,4
118888,110404,5
118888,120254,6
118888,123165,7
118888,117946,8
120254,123961,1
120254,123165,2
120254,121150,3
120254,121345,4
120254,110422,5
120254,117946,6
120254,112260,7
120254,125763,8
120254,110662,9
120254,121257,10
120883,123961,1
120883,122931,2
120883,110644,3
120883,110705,4
120883,110583,5
120883,122597,6
120883,110608,7
120883,110662,8
120883,122612,9
120883,111948,10
121150,123961,1
121150,110680,2
121150,110662,3
121150,110635,4
121150,243744,5
121150,110705,6
121150,110583,7
121150,122409,8
121150,117946,9
121150,110653,10
121309,109785,1
121309,121150,2
121309,111948,3
121309,105330,4
121309,123961,5
121309,110662,6
121309,117636,7
121309,110583,8
121309,120254,9
121309,112075,10
121691,121257,1
121691,125763,2
121691,123961,3
121691,120254,4
121691,123165,5
121691,111948,6
121691,110714,7
121691,110671,8
121691,110662,9
121691,123554,10
122409,110680,1
122409,122597,2
122409,110583,3
122409,123961,4
122409,122436,5
122409,110635,6
122409,110662,7
122409,110714,8
122409,110592,9
122409,110705,10
122436,122409,1
122436,110680,2
122436,123961,3
122436,110662,4
122436,110583,5
122436,141574,6
122436,110635,7
122436,117946,8
122436,110714,9
122436,122597,10
122597,122409,1
122597,122755,2
122597,110635,3
122597,110583,4
122597,122612,5
122597,110680,6
122597,110538,7
122597,110644,8
122597,110574,9
122597,110714,10
122612,122597,1
122612,110635,2
122612,122409,3
122612,110662,4
122612,123961,5
122612,110644,6
122612,110680,7
122612,110714,8
122612,110705,9
122612,122755,10
122755,122597,1
122755,110635,2
122755,110617,3
122755,110538,4
122755,110583,5
122755,110592,6
122755,122409,7
122755,110574,8
122755,123961,9
122755,110422,10
122931,120883,1
122931,123961,2
122931,110714,3
122931,110705,4
122931,110680,5
122931,122612,6
122931,110644,7
122931,117946,8
122931,110547,9
122931,115409,10
123572,110538,1
123572,110714,2
123572,115755,3
123572,122597,4
123572,110574,5
123572,122755,6
123572,110422,7
123572,110495,8
123572,122409,9
123572,110510,10
123961,110662,1
123961,110635,2
123961,243744,3
123961,110680,4
123961,121150,5
123961,193900,6
123961,110705,7
123961,110653,8
123961,110583,9
123961,122409,10
125763,120254,1
125763,111948,2
125763,110592,3
125763,123961,4
125763,109785,5
125763,121691,6
125763,110662,7
125763,123554,8
125763,121257,9
125763,117946,10
126562,126614,1
126562,126580,2
126562,126818,3
126562,127565,4
126562,199139,5
126562,142285,6
126562,164988,7
126562,134130,8
126562,199120,9
126562,135726,10
126614,126818,1
126614,126562,2
126614,126580,3
126614,110635,4
126614,134130,5
126614,134097,6
126614,110662,7
126614,228778,8
126614,132903,9
126614,190415,10
126678,126818,1
126678,190415,2
126678,130794,3
126678,127741,4
126678,217156,5
126678,166027,6
126678,110635,7
126678,227757,8
126678,155025,9
126678,234827,10
126775,229115,1
126775,228778,2
126775,102614,3
126775,166683,4
126775,203845,5
126775,123961,6
126775,134097,7
126775,137351,8
126775,228723,9
126775,105330,10
126818,126614,1
126818,209542,2
126818,105330,3
126818,126580,4
126818,123961,5
126818,236939,6
126818,126562,7
126818,100858,8
126818,236948,9
126818,110662,10
127060,134097,1
127060,132903,2
127060,135726,3
127060,133951,4
127060,139658,5
127060,166027,6
127060,236939,7
127060,174066,8
127060,110583,9
127060,126614,10
127741,128106,1
127741,126580,2
127741,105330,3
127741,147703,4
127741,126678,5
127741,188030,6
127741,127565,7
127741,128391,8
127741,240727,9
127741,181464,10
128771,130776,1
128771,130493,2
128771,198464,3
128771,237525,4
128771,183062,5
128771,165024,6
128771,129020,7
128771,232423,8
128771,188429,9
128771,217819,10
128902,198516,1
128902,131469,2
128902,166629,3
128902,130794,4
128902,131496,5
128902,130590,6
128902,240444,7
128902,209551,8
128902,165334,9
128902,166984,10
129020,164988,1
129020,166629,2
129020,217484,3
129020,190415,4
129020,186380,5
129020,217156,6
129020,167358,7
129020,214777,8
129020,198516,9
129020,234076,10
129525,217484,1
129525,164988,2
129525,130253,3
129525,166513,4
129525,130794,5
129525,191968,6
129525,186380,7
129525,163286,8
129525,196413,9
129525,217156,10
129941,164988,1
129941,217518,2
129941,130226,3
129941,130253,4
129941,164720,5
129941,132903,6
129941,135726,7
129941,190600,8
129941,217484,9
129941,161457,10
130226,130253,1
130226,164988,2
130226,166629,3
130226,167358,4
130226,191968,5
130226,196413,6
130226,167987,7
130226,192819,8
130226,167899,9
130226,165699,10
130253,130226,1
130253,164988,2
130253,217156,3
130253,129242,4
130253,167987,5
130253,217518,6
130253,191968,7
130253,216597,8
130253,186380,9
130253,129525,10
130314,129020,1
130314,195809,2
130493,128771,1
130493,130794,2
130493,130776,3
130493,129020,4
130493,166513,5
130493,167987,6
130493,167729,7
130493,167899,8
130493,129525,9
130493,166850,10
130697,217156,1
130697,221999,2
130697,190415,3
130697,130794,4
130697,234076,5
130697,190150,6
130697,147767,7
130697,215062,8
130697,199120,9
130697,204501,10
130776,128771,1
130776,130493,2
130776,217420,3
130776,165024,4
130776,129020,5
130794,166027,1
130794,243744,2
130794,186131,3
130794,190415,4
130794,190150,5
130794,217156,6
130794,110635,7
130794,215062,8
130794,182670,9
130794,198419,10
130943,214777,1
130943,163286,2
130943,186380,3
130943,216597,4
130943,215293,5
130943,234076,6
130943,215062,7
130943,130934,8
130943,199120,9
130943,212054,10
131159,131469,1
131159,193900,2
131159,131496,3
131159,164988,4
131159,199120,5
131159,123961,6
131159,139658,7
131159,196413,8
131159,166629,9
131159,144281,10
131283,131469,1
131283,131496,2
131283,167358,3
131283,131159,4
131283,163046,5
131283,217156,6
131283,193900,7
131283,190150,8
131283,211273,9
131283,209825,10
131399,148654,1
131399,131496,2
131399,199120,3
131399,199139,4
131399,163578,5
131399,163286,6
131399,131520,7
131399,162928,8
131399,163268,9
131399,166638,10
131469,164988,1
131469,193900,2
131469,131159,3
131469,167358,4
131469,131496,5
131469,163286,6
131469,190150,7
131469,135726,8
131469,123961,9
131469,166027,10
131496,243744,1
131496,190415,2
131496,166027,3
131496,221999,4
131496,130794,5
131496,215062,6
131496,217156,7
131496,193900,8
131496,190150,9
131496,162928,10
131520,166027,1
131520,163453,2
131520,133650,3
131520,141060,4
131520,204796,5
131520,139959,6
131520,138947,7
131520,130794,8
131520,228723,9
131520,223232,10
132471,132903,1
132471,134097,2
132471,433660,3
132471,134130,4
132471,133669,5
132471,137351,6
132471,133951,7
132471,135726,8
132471,137847,9
132471,134079,10
132903,134130,1
132903,137351,2
132903,134097,3
132903,133951,4
132903,136172,5
132903,135726,6
132903,133669,7
132903,433660,8
132903,138354,9
132903,133650,10
133669,132903,1
133669,137351,2
133669,134097,3
133669,133951,4
133669,134130,5
133669,433660,6
133669,138354,7
133669,133650,8
133669,136172,9
133669,135726,10
133809,134097,1
133809,134130,2
133809,132903,3
133809,136950,4
133809,133492,5
133809,137847,6
133809,133650,7
133881,132903,1
133881,134130,2
133881,134097,3
133881,137351,4
133881,135726,5
133881,133951,6
133881,133669,7
133881,164988,8
133881,133553,9
133881,136215,10
133951,132903,1
133951,134130,2
133951,134097,3
133951,137351,4
133951,133669,5
133951,135726,6
133951,433660,7
133951,133650,8
133951,138354,9
133951,136172,10
134097,132903,1
134097,134130,2
134097,137351,3
134097,133951,4
134097,135726,5
134097,133669,6
134097,133650,7
134097,433660,8
134097,136172,9
134097,138354,10
134130,132903,1
134130,134097,2
134130,137351,3
134130,135726,4
134130,133951,5
134130,136172,6
134130,133669,7
134130,433660,8
134130,138354,9
134130,133650,10
134945,132903,1
134945,134130,2
134945,137847,3
134945,137351,4
134945,134097,5
134945,133951,6
134945,133669,7
134945,136172,8
134945,135726,9
134945,134079,10
135726,134130,1
135726,132903,2
135726,134097,3
135726,137351,4
135726,133951,5
135726,133669,6
135726,136172,7
135726,164988,8
135726,193900,9
135726,433660,10
136172,132903,1
136172,134130,2
136172,137351,3
136172,134097,4
136172,138354,5
136172,133669,6
136172,433660,7
136172,133951,8
136172,135726,9
136172,133650,10
136330,132903,1
136330,137351,2
136330,134130,3
136330,133669,4
136330,134097,5
136330,433660,6
136330,135726,7
136330,133951,8
136330,136215,9
136330,133650,10
136950,132903,1
136950,134097,2
136950,134130,3
136950,137546,4
136950,137351,5
136950,133669,6
136950,137847,7
136950,136172,8
136950,135726,9
136950,133711,10
137032,132903,1
137032,134097,2
137032,134130,3
137032,137847,4
137032,135726,5
137032,136172,6
137032,136950,7
137032,138354,8
137032,133669,9
137032,136330,10
137351,132903,1
137351,134130,2
137351,134097,3
137351,133951,4
137351,133669,5
137351,433660,6
137351,136172,7
137351,135726,8
137351,138354,9
137351,133650,10
137546,132903,1
137546,133669,2
137546,134130,3
137546,137351,4
137546,134097,5
137546,136950,6
137546,137847,7
137546,135726,8
137546,133951,9
137546,134079,10
138354,132903,1
138354,137351,2
138354,134130,3
138354,136172,4
138354,133669,5
138354,134097,6
138354,133951,7
138354,433660,8
138354,135726,9
138354,133650,10
138600,139658,1
138600,139959,2
138600,139940,3
138600,139311,4
138600,138716,5
138600,140960,6
138600,139366,7
138600,139144,8
138600,135726,9
138600,133492,10
138947,133650,1
138947,139940,2
138947,141060,3
138947,138716,4
138947,141264,5
138947,134097,6
138947,139366,7
138947,102377,8
138947,139959,9
138947,140553,10
139755,166683,1
139755,139959,2
139755,166027,3
139755,134130,4
139755,170976,5
139755,139940,6
139755,134097,7
139755,110635,8
139755,190415,9
139755,217882,10
139931,139959,1
139931,139940,2
139931,134097,3
139931,141264,4
139931,132903,5
139931,133669,6
139931,140164,7
139931,134130,8
139931,139366,9
139931,138947,10
139940,139959,1
139940,134097,2
139940,139658,3
139940,138947,4
139940,135726,5
139940,133951,6
139940,140164,7
139940,139931,8
139940,132903,9
139940,139755,10
139959,134130,1
139959,139940,2
139959,134097,3
139959,139658,4
139959,139931,5
139959,139755,6
139959,100858,7
139959,132903,8
139959,218663,9
139959,217882,10
140234,139940,1
140234,139658,2
140234,138716,3
140234,138600,4
140234,134945,5
140234,141264,6
140234,140960,7
140234,139764,8
140234,139861,9
140234,139311,10
140447,139959,1
140447,139658,2
140447,141264,3
140447,139940,4
140447,138947,5
140447,139861,6
140447,134097,7
140447,141060,8
140447,135726,9
140447,139144,10
140696,139940,1
140696,139658,2
140696,139144,3
140696,138600,4
140696,140164,5
140696,139959,6
140696,140960,7
140696,140553,8
140696,139311,9
140951,136774,1
140951,132903,2
140951,194578,3
140951,197151,4
140951,217493,5
140951,132338,6
140951,193900,7
140951,193654,8
140951,134811,9
140951,139959,10
141097,139755,1
141097,139959,2
141097,139931,3
141097,141334,4
141264,139940,1
141264,139959,2
141264,139931,3
141264,140164,4
141264,139366,5
141264,138947,6
141264,138716,7
141264,140447,8
141264,139764,9
141264,139861,10
141334,139940,1
141334,139959,2
141334,141264,3
141334,139931,4
141334,176372,5
141334,139144,6
141334,138789,7
141334,135726,8
141334,140164,9
141334,176017,10
141565,141574,1
141565,141644,2
141565,135726,3
141565,122436,4
141565,122409,5
141565,134097,6
141565,243744,7
141565,138354,8
141565,110583,9
141565,133881,10
141574,141644,1
141574,122409,2
141574,141565,3
141574,110583,4
141574,110662,5
141574,135726,6
141574,236948,7
141574,110635,8
141574,121150,9
141574,122436,10
141644,141574,1
141644,141565,2
141644,110662,3
141644,121150,4
141644,135726,5
141644,110583,6
141644,122409,7
141644,110680,8
141644,122436,9
141644,110705,10
142115,142276,1
142115,142285,2
142115,209542,3
142115,236948,4
142115,236939,5
142115,142294,6
142115,142328,7
142115,209551,8
142115,104151,9
142115,159391,10
142276,142115,1
142276,142285,2
142276,142328,3
142276,209542,4
142276,236939,5
142276,180489,6
142276,126818,7
142276,166683,8
142276,229115,9
142276,228723,10
142285,142115,1
142285,142276,2
142285,236939,3
142285,209542,4
142285,142294,5
142285,126818,6
142285,209551,7
142285,126614,8
142285,126562,9
142285,142328,10
142294,142115,1
142294,142285,2
142294,134130,3
142294,204796,4
142294,142276,5
142294,137546,6
142522,230038,1
142522,230728,2
142522,230047,3
142522,180461,4
143048,194578,1
143048,193900,2
143048,140951,3
143048,217493,4
143048,170976,5
143048,215293,6
143048,197151,7
143048,144050,8
143048,215105,9
143048,196413,10
143358,146719,1
143358,145637,2
143358,145813,3
143358,149222,4
143358,144740,5
143358,143084,6
143358,239105,7
143358,153825,8
143358,154235,9
143358,204857,10
144050,147767,1
144050,193900,2
144050,190150,3
144050,217156,4
144050,110635,5
144050,130794,6
144050,243744,7
144050,215062,8
144050,166027,9
144050,164988,10
144281,193900,1
144281,144740,2
144281,144005,3
144281,147767,4
144281,144050,5
144281,145600,6
144281,146719,7
144281,165662,8
144281,211440,9
144281,190150,10
144351,143358,1
144351,148496,2
144351,146719,3
144351,149772,4
144351,149231,5
144351,149222,6
144351,147776,7
144351,146612,8
144351,145813,9
144351,145600,10
144740,146719,1
144740,147767,2
144740,145637,3
144740,145600,4
144740,146612,5
144740,143358,6
144740,147703,7
144740,145813,8
144740,144281,9
144740,148487,10
145600,145637,1
145600,146719,2
145600,147703,3
145600,144005,4
145600,145813,5
145600,144050,6
145600,147767,7
145600,144740,8
145600,149772,9
145600,193900,10
145637,145600,1
145637,145813,2
145637,170976,3
145637,243780,4
145637,147703,5
145637,147767,6
145637,240444,7
145637,153603,8
145637,149772,9
145637,144050,10
145725,190415,1
145725,215062,2
145725,243780,3
145725,130794,4
145725,171100,5
145725,186131,6
145725,190150,7
145725,166027,8
145725,228778,9
145725,243744,10
145813,145637,1
145813,147703,2
145813,149222,3
145813,149772,4
145813,145600,5
145813,153603,6
145813,144892,7
145813,149231,8
145813,143358,9
145813,143084,10
146612,144740,1
146612,145813,2
146612,145600,3
146612,147703,4
146612,146719,5
146612,143358,6
146612,149222,7
146612,149231,8
146612,148654,9
146612,243780,10
146719,145600,1
146719,147767,2
146719,144740,3
146719,143358,4
146719,144050,5
146719,193900,6
146719,144005,7
146719,145637,8
146719,147703,9
146719,164988,10
147244,143358,1
147244,145600,2
147244,206622,3
147244,152600,4
147244,131496,5
147244,149222,6
147244,148131,7
147244,146612,8
147244,145813,9
147244,193900,10
147679,147776,1
147679,148335,2
147679,144281,3
147703,145813,1
147703,145600,2
147703,145637,3
147703,149772,4
147703,149231,5
147703,143118,6
147703,144005,7
147703,146719,8
147703,149222,9
147703,144740,10
147767,144050,1
147767,193900,2
147767,146719,3
147767,243744,4
147767,166027,5
147767,130794,6
147767,217156,7
147767,145637,8
147767,190150,9
147767,215062,10
147828,143118,1
147828,147703,2
147828,146612,3
147828,145813,4
147828,145336,5
147828,171100,6
148131,145813,1
148131,145600,2
148131,146612,3
148131,149231,4
148131,149222,5
148131,147244,6
148131,143358,7
148131,148627,8
148131,146719,9
148131,143118,10
148627,146719,1
148627,144740,2
148627,143358,3
148627,148131,4
148627,147703,5
148627,145813,6
148627,143118,7
148627,145600,8
148627,146612,9
148654,145600,1
148654,145813,2
148654,149222,3
148654,147703,4
148654,201885,5
148654,145637,6
148654,144005,7
148654,149772,8
148654,243780,9
148654,166638,10
149222,145813,1
149222,149772,2
149222,149231,3
149222,144892,4
149222,143358,5
149222,145637,6
149222,145600,7
149222,147703,8
149222,153603,9
149222,148654,10
149781,201654,1
149781,152530,2
150066,150136,1
150066,151801,2
150066,150534,3
150066,201654,4
150066,150163,5
150066,201441,6
150066,203517,7
150066,152530,8
150066,150677,9
150136,151324,1
150136,203517,2
150136,243780,3
150136,151351,4
150136,171100,5
150136,204857,6
150136,240444,7
150136,174066,8
150136,153603,9
150136,204796,10
150163,243780,1
150163,151351,2
150163,150534,3
150163,201654,4
150163,206622,5
150163,150066,6
150163,150136,7
150163,104151,8
150163,196413,9
150163,142115,10
150534,152600,1
150534,150163,2
150534,150066,3
150534,143358,4
150534,151324,5
150534,150136,6
150534,203845,7
150534,151777,8
150534,204909,9
150534,151306,10
151263,151111,1
151263,151324,2
151263,171100,3
151263,243780,4
151263,110635,5
151263,186131,6
151263,209807,7
151263,176080,8
151263,193900,9
151263,166027,10
151290,151324,1
151306,151324,1
151306,151263,2
151306,199157,3
151306,202134,4
151306,151379,5
151306,151342,6
151306,201441,7
151306,152099,8
151306,150534,9
151306,150136,10
151324,150136,1
151324,151263,2
151324,151111,3
151324,151306,4
151324,206622,5
151324,151351,6
151324,243780,7
151324,154095,8
151324,151102,9
151324,239105,10
151342,154095,1
151342,203517,2
151342,151324,3
151342,150136,4
151342,171137,5
151342,151306,6
151342,174358,7
151342,164924,8
151342,151379,9
151342,201441,10
151351,243780,1
151351,170976,2
151351,150136,3
151351,240444,4
151351,204796,5
151351,145637,6
151351,151111,7
151351,150400,8
151351,198419,9
151351,171100,10
151801,145600,1
151801,201654,2
151801,152530,3
151801,150677,4
151801,150066,5
151801,151324,6
151801,150136,7
151801,157386,8
151801,122436,9
151801,243780,10
152080,130794,1
152080,190415,2
152080,186131,3
152080,198419,4
152080,243744,5
152080,166027,6
152080,217156,7
152080,123961,8
152080,193900,9
152080,204857,10
152318,240444,1
152318,110404,2
152318,239318,3
152318,133881,4
152318,168421,5
152318,166683,6
152318,195030,7
152318,441982,8
152318,187967,9
152318,171128,10
152530,201654,1
152530,150677,2
152530,151801,3
152530,149781,4
152530,213996,5
152530,169080,6
152530,170037,7
152530,203517,8
152530,201441,9
152530,150066,10
152600,150136,1
152600,202480,2
152600,243780,3
152600,206622,4
152600,150534,5
152600,171128,6
152600,151777,7
152600,147244,8
152600,153603,9
152600,122436,10
153269,153658,1
153269,239105,2
153269,143358,3
153269,144740,4
153269,240444,5
153269,153603,6
153269,145600,7
153269,154095,8
153269,178615,9
153269,147660,10
153603,153658,1
153603,145813,2
153603,145637,3
153603,154095,4
153603,174066,5
153603,243780,6
153603,240444,7
153603,203517,8
153603,228723,9
153603,126818,10
153658,153603,1
153658,240444,2
153658,145637,3
153658,171100,4
153658,154095,5
153658,170976,6
153658,174066,7
153658,193900,8
153658,239105,9
153658,145600,10
153825,154235,1
153825,143358,2
153825,147703,3
153825,149772,4
153825,145813,5
153825,154095,6
153825,144005,7
153825,143084,8
153825,148487,9
153825,153603,10
153861,131159,1
154095,153603,1
154095,153658,2
154095,145600,3
154095,151324,4
154095,178420,5
154095,215062,6
154095,155399,7
154095,239105,8
154095,170976,9
154095,223232,10
154235,153825,1
154235,143358,2
154235,147703,3
154235,149772,4
154235,145813,5
154235,143084,6
154235,153658,7
154235,145600,8
154235,147660,9
154235,153269,10
155061,155399,1
155061,156082,2
155061,155025,3
155061,176965,4
155061,178396,5
155061,178402,6
155061,155317,7
155061,155681,8
155061,178624,9
155061,178341,10
155317,155399,1
155317,156125,2
155317,228778,3
155317,228723,4
155317,207388,5
155317,214777,6
155317,126818,7
155317,123961,8
155317,207500,9
155317,240444,10
155399,155317,1
155399,223232,2
155399,156125,3
155399,207388,4
155399,153603,5
155399,176965,6
155399,207500,7
155399,178396,8
155399,204796,9
155399,155681,10
155681,155399,1
155681,155317,2
155681,155025,3
155681,156125,4
155681,215293,5
155681,214777,6
155681,156082,7
155681,155511,8
155681,220862,9
155681,196413,10
156125,155399,1
156125,155317,2
156125,174066,3
156125,173920,4
156125,145813,5
156125,163286,6
156125,204857,7
156125,204796,8
156125,199193,9
156125,153603,10
156286,157289,1
156286,157085,2
156286,157386,3
156286,156408,4
156286,139658,5
156286,156620,6
156286,157535,7
156286,150136,8
156286,147767,9
156286,151379,10
156745,157289,1
156745,157085,2
157085,157289,1
157085,157951,2
157085,156620,3
157085,221759,4
157085,204796,5
157085,134097,6
157085,221740,7
157085,100858,8
157085,199120,9
157085,134130,10
157289,157085,1
157289,156286,2
157289,157951,3
157289,156620,4
157289,134130,5
157289,204796,6
157289,137351,7
157289,156408,8
157289,223232,9
157289,132903,10
157401,157447,1
157401,204796,2
157401,204857,3
157401,156620,4
157401,157386,5
157401,134097,6
157401,100751,7
157401,157085,8
157401,221759,9
157401,203517,10
157447,156620,1
157447,157401,2
157447,157386,3
157447,176372,4
157447,214041,5
157447,213020,6
157447,157085,7
157447,157289,8
157447,211644,9
157447,211361,10
157951,157085,1
157951,157289,2
157951,156620,3
157951,134097,4
157951,134130,5
157951,157386,6
157951,155317,7
157951,223232,8
157951,100858,9
157951,150136,10
159391,160658,1
159391,223232,2
159391,228778,3
159391,147767,4
159391,159647,5
159391,142115,6
159391,123961,7
159391,164155,8
159391,134097,9
159391,176372,10
159416,159717,1
159416,159009,2
159416,159382,3
159416,159993,4
159416,160038,5
159416,159391,6
159416,229063,7
159416,222831,8
159647,159391,1
159647,159993,2
159647,223232,3
159647,229115,4
159647,229063,5
159647,160658,6
159647,159656,7
159647,159939,8
159656,135726,1
159656,159568,2
159656,159939,3
159656,159993,4
159656,196413,5
159656,190415,6
159656,199847,7
159656,199120,8
159656,198516,9
159656,164988,10
159717,160038,1
159717,159382,2
159717,159391,3
159717,160658,4
159717,159966,5
159717,159416,6
159717,226091,7
159717,222831,8
159717,159993,9
159717,225432,10
159939,159391,1
159939,139940,2
159939,135726,3
159939,159656,4
159939,176372,5
159939,221838,6
159939,100663,7
159939,176080,8
159939,160065,9
159939,159647,10
159966,159717,1
159966,160038,2
159966,159382,3
159966,160658,4
159966,160612,5
159993,160658,1
159993,160038,2
159993,159939,3
159993,159391,4
159993,160621,5
159993,160612,6
159993,159717,7
159993,159416,8
159993,159647,9
159993,159568,10
160038,159717,1
160038,160658,2
160038,159993,3
160038,159382,4
160038,160755,5
160038,219046,6
160038,159966,7
160038,160612,8
160038,159416,9
160038,159656,10
160612,159009,1
160612,158802,2
160612,160621,3
160612,233541,4
160612,159391,5
160612,159966,6
160612,184782,7
160612,159993,8
160612,160658,9
160612,160038,10
160658,159391,1
160658,160038,2
160658,159993,3
160658,159717,4
160658,228723,5
160658,133650,6
160658,104151,7
160658,159647,8
160658,159939,9
160658,100858,10
160755,135726,1
160755,134097,2
160755,190415,3
160755,139940,4
160755,221999,5
160755,196413,6
160755,164988,7
160755,198419,8
160755,139658,9
160755,126614,10
161253,217484,1
161253,161554,2
161253,183044,3
161253,166629,4
161253,174783,5
161253,174233,6
161253,231174,7
161253,167358,8
161253,171100,9
161253,166513,10
161457,217484,1
161457,129941,2
161457,135726,3
161457,161253,4
161457,164988,5
161457,129020,6
161457,186380,7
161457,217518,8
161457,196097,9
161554,161253,1
161554,163286,2
161554,166513,3
161554,166027,4
161554,217484,5
161554,183044,6
161554,190415,7
161554,167987,8
161554,237525,9
161554,167358,10
161873,215062,1
161873,162928,2
161873,178420,3
161873,163578,4
161873,163204,5
161873,163286,6
161873,166027,7
161873,163268,8
161873,190600,9
161873,236948,10
162007,218733,1
162007,131520,2
162007,163286,3
162007,186380,4
162007,199157,5
162007,199102,6
162007,139959,7
162007,136330,8
162007,163453,9
162007,164076,10
162283,234030,1
162283,162584,2
162283,232982,3
162584,164076,1
162584,128771,2
162584,230834,3
162584,163286,4
162584,163268,5
162584,163338,6
162584,162283,7
162584,162928,8
162584,132903,9
162584,135726,10
162654,189088,1
162654,232423,2
162654,131159,3
162654,213020,4
162654,216524,5
162654,164076,6
162654,166629,7
162654,166939,8
162654,163046,9
162654,128902,10
162760,212805,1
162760,212115,2
162760,210669,3
162760,212197,4
162928,166027,1
162928,190415,2
162928,130794,3
162928,243744,4
162928,190150,5
162928,217156,6
162928,215062,7
162928,131496,8
162928,163286,9
162928,110635,10
163204,163286,1
163204,162928,2
163204,193900,3
163204,166683,4
163204,121150,5
163204,180814,6
163204,122436,7
163204,141565,8
163204,141574,9
163204,110662,10
163268,163286,1
163268,164076,2
163268,162928,3
163268,163046,4
163268,199139,5
163268,126580,6
163268,163578,7
163268,164988,8
163268,163453,9
163268,134097,10
163286,163268,1
163286,164988,2
163286,214777,3
163286,162928,4
163286,167358,5
163286,233921,6
163286,130943,7
163286,215062,8
163286,186380,9
163286,234076,10
163851,164076,1
163851,163268,2
163851,136172,3
163851,217819,4
163851,198464,5
163851,186380,6
163851,132903,7
163851,232982,8
163851,196097,9
163851,127565,10
164216,163268,1
164562,165024,1
164562,164988,2
164562,165866,3
164562,217484,4
164562,165820,5
164562,192819,6
164562,217518,7
164562,166629,8
164562,165015,9
164562,217156,10
164580,193900,1
164580,164739,2
164580,233374,3
164580,215062,4
164580,166027,5
164580,130794,6
164580,167358,7
164580,199120,8
164580,217156,9
164580,221999,10
164739,166629,1
164739,164924,2
164739,167358,3
164739,164580,4
164739,166027,5
164739,217156,6
164739,167987,7
164739,165015,8
164739,164988,9
164739,217165,10
164748,192712,1
164748,119270,2
164748,192110,3
164748,197869,4
164748,219709,5
164748,196413,6
164748,198516,7
164748,233374,8
164748,123961,9
164748,139199,10
164924,164988,1
164924,190415,2
164924,217156,3
164924,193900,4
164924,166027,5
164924,231624,6
164924,190099,7
164924,167358,8
164924,196413,9
164924,186131,10
164988,217156,1
164988,167358,2
164988,193900,3
164988,190150,4
164988,190415,5
164988,166027,6
164988,130794,7
164988,110635,8
164988,215062,9
164988,164924,10
165015,217156,1
165015,190415,2
165015,168148,3
165015,164988,4
165015,139658,5
165015,130794,6
165015,166027,7
165015,165024,8
165015,164924,9
165015,211440,10
165024,164988,1
165024,165820,2
165024,167729,3
165024,167358,4
165024,164924,5
165024,167987,6
165024,165866,7
165024,196413,8
165024,217484,9
165024,217156,10
165334,191649,1
165334,196413,2
165334,166629,3
165334,130226,4
165334,196097,5
165334,166018,6
165334,164924,7
165334,191968,8
165334,213385,9
165334,128902,10
165529,165024,1
165529,164447,2
165529,182634,3
165529,134097,4
165529,164988,5
165529,183062,6
165529,232423,7
165529,164720,8
165529,217484,9
165529,217420,10
165820,165024,1
165820,167987,2
165820,165866,3
165820,166629,4
165820,165662,5
165820,128771,6
165820,168263,7
165820,164988,8
165820,168430,9
165820,166850,10
166027,130794,1
166027,243744,2
166027,186131,3
166027,190415,4
166027,190150,5
166027,217156,6
166027,110635,7
166027,166683,8
166027,215062,9
166027,198419,10
166513,166629,1
166513,167987,2
166513,166638,3
166513,217484,4
166513,164988,5
166513,167358,6
166513,166027,7
166513,163286,8
166513,190415,9
166513,194824,10
166629,164988,1
166629,167358,2
166629,190415,3
166629,196413,4
166629,167987,5
166629,217484,6
166629,129020,7
166629,166513,8
166629,130226,9
166629,166638,10
166638,164988,1
166638,166629,2
166638,167987,3
166638,130794,4
166638,166513,5
166638,190415,6
166638,167358,7
166638,217484,8
166638,186131,9
166638,166027,10
166683,243744,1
166683,166027,2
166683,110635,3
166683,110404,4
166683,130794,5
166683,186131,6
166683,190415,7
166683,110662,8
166683,190150,9
166683,139755,10
166939,131159,1
166939,167835,2
166939,164465,3
166939,171128,4
166939,168148,5
166939,131469,6
166939,204501,7
166939,174066,8
166939,156125,9
166939,163286,10
167358,164988,1
167358,166629,2
167358,163286,3
167358,193900,4
167358,217484,5
167358,243744,6
167358,162928,7
167358,217156,8
167358,131469,9
167358,110635,10
167783,167358,1
167783,164988,2
167783,199120,3
167783,166629,4
167783,204857,5
167783,234076,6
167783,217484,7
167783,167987,8
167835,168342,1
167835,164465,2
167835,243744,3
167835,166939,4
167835,190415,5
167835,190099,6
167835,110680,7
167835,186131,8
167835,166027,9
167835,168218,10
167987,166629,1
167987,166513,2
167987,165024,3
167987,165820,4
167987,167358,5
167987,166638,6
167987,164988,7
167987,217484,8
167987,165866,9
167987,196413,10
168005,164988,1
168005,165662,2
168005,165024,3
168005,165671,4
168005,167358,5
168005,134097,6
168005,166452,7
168005,217484,8
168005,193900,9
168005,135726,10
168148,164988,1
168148,217156,2
168148,190415,3
168148,167358,4
168148,130794,5
168148,165015,6
168148,215062,7
168148,166629,8
168148,221999,9
168148,139658,10
168342,166027,1
168342,190415,2
168342,243744,3
168342,130794,4
168342,164465,5
168342,217156,6
168342,186131,7
168342,193900,8
168342,182670,9
168342,190150,10
168421,166629,1
168421,164988,2
168421,195003,3
168421,441982,4
168421,110635,5
168421,162928,6
168421,190415,7
168421,194824,8
168421,167358,9
168421,168148,10
169080,170082,1
169080,169248,2
169080,170301,3
169080,171100,4
169080,170639,5
169080,171456,6
169080,168740,7
169080,171128,8
169080,172699,9
169080,171146,10
169248,171100,1
169248,171128,2
169248,170082,3
169248,169798,4
169248,172699,5
169248,170976,6
169248,170639,7
169248,171456,8
169248,171571,9
169248,169910,10
169716,171571,1
169716,171100,2
169716,169248,3
169716,172644,4
169716,170976,5
169716,170806,6
169716,169080,7
169716,170082,8
169716,172699,9
169716,164988,10
169910,171456,1
169910,171100,2
169910,172699,3
169910,169248,4
169910,170082,5
169910,172051,6
169910,171128,7
169910,169798,8
169910,171571,9
169910,170639,10
170082,171100,1
170082,171456,2
170082,169248,3
170082,170301,4
170082,172699,5
170082,170639,6
170082,170976,7
170082,171571,8
170082,169798,9
170082,169080,10
170639,170082,1
170639,171456,2
170639,169248,3
170639,171128,4
170639,171100,5
170639,172699,6
170639,170976,7
170639,171571,8
170639,169080,9
170639,171599,10
170976,171100,1
170976,171128,2
170976,190415,3
170976,164988,4
170976,240444,5
170976,243780,6
170976,186131,7
170976,130794,8
170976,243744,9
170976,145637,10
171100,170976,1
171100,171128,2
171100,172699,3
171100,169248,4
171100,170082,5
171100,171456,6
171100,243780,7
171100,204796,8
171100,169798,9
171100,166027,10
171128,171100,1
171128,170976,2
171128,169248,3
171128,172699,4
171128,171456,5
171128,172644,6
171128,170639,7
171128,170675,8
171128,170082,9
171128,169798,10
171137,169248,1
171137,171100,2
171137,170639,3
171137,170976,4
171137,171456,5
171137,174358,6
171137,172699,7
171137,169080,8
171137,198419,9
171137,170082,10
171146,171100,1
171146,169248,2
171146,171128,3
171146,170082,4
171146,172699,5
171146,168740,6
171146,171456,7
171146,170639,8
171146,201441,9
171146,170976,10
171456,170082,1
171456,171100,2
171456,170639,3
171456,172699,4
171456,169910,5
171456,169798,6
171456,169248,7
171456,170976,8
171456,171128,9
171456,172051,10
171492,172264,1
171492,169910,2
171492,171456,3
171492,169248,4
171492,170082,5
171492,172051,6
171571,171100,1
171571,170082,2
171571,169248,3
171571,172699,4
171571,170976,5
171571,169798,6
171571,171456,7
171571,170639,8
171571,172051,9
171571,169910,10
172051,171456,1
172051,169248,2
172051,169910,3
172051,170082,4
172051,171571,5
172051,170639,6
172051,169798,7
172051,171128,8
172051,172699,9
172051,171100,10
172644,171100,1
172644,171128,2
172644,170976,3
172644,172699,4
172644,169248,5
172644,171456,6
172644,170082,7
172644,169910,8
172644,171571,9
172644,153603,10
172699,171100,1
172699,169248,2
172699,169798,3
172699,171128,4
172699,170976,5
172699,170082,6
172699,171456,7
172699,171571,8
172699,169910,9
172699,170639,10
173045,174020,1
173045,173328,2
173045,174066,3
173045,173665,4
173045,174233,5
173124,174783,1
173124,174233,2
173124,174066,3
173124,174075,4
173124,142115,5
173124,161253,6
173124,237011,7
173124,236948,8
173124,173920,9
173124,175272,10
173665,173328,1
173665,174066,2
173665,173045,3
173665,174233,4
173665,174783,5
173665,173920,6
173665,174020,7
173665,173984,8
173665,179867,9
173665,174127,10
174020,173045,1
174020,219082,2
174020,174783,3
174020,173665,4
174066,240444,1
174066,174233,2
174066,174783,3
174066,171100,4
174066,173920,5
174066,170976,6
174066,153603,7
174066,166027,8
174066,145637,9
174066,204857,10
174127,173665,1
174127,173328,2
174233,174066,1
174233,174783,2
174233,173124,3
174233,173920,4
174233,174358,5
174233,166027,6
174233,172699,7
174233,161253,8
174233,175272,9
174233,174251,10
174783,174066,1
174783,174233,2
174783,173124,3
174783,173920,4
174783,174358,5
174783,172699,6
174783,161253,7
174783,175272,8
174783,171100,9
174783,164988,10
175272,174066,1
175272,174783,2
175272,174233,3
175272,174358,4
175272,173920,5
175272,239105,6
175272,146719,7
175272,172644,8
175272,170301,9
175272,150136,10
175342,175856,1
175342,176372,2
175342,171100,3
175342,100858,4
175342,176017,5
175342,176080,6
175342,134097,7
175342,100724,8
175342,176035,9
175342,159009,10
175856,176372,1
175856,175342,2
175856,140553,3
175856,100724,4
175856,176080,5
175856,186131,6
175856,171100,7
175856,134097,8
175856,139940,9
175856,100858,10
175980,100751,1
175980,176372,2
175980,217882,3
175980,220862,4
175980,166638,5
175980,176080,6
175980,166629,7
175980,221999,8
175980,151111,9
175980,196413,10
176017,176080,1
176017,176372,2
176017,100751,3
176017,221759,4
176017,139940,5
176017,220862,6
176017,175342,7
176017,232982,8
176017,134097,9
176017,135726,10
176035,175342,1
176035,134097,2
176035,100724,3
176035,139940,4
176035,135726,5
176035,182290,6
176035,182281,7
176035,160904,8
176035,100751,9
176035,100858,10
176044,217633,1
176044,230737,2
176053,176372,1
176080,176017,1
176080,139940,2
176080,221759,3
176080,220862,4
176080,135726,5
176080,176372,6
176080,100751,7
176080,139959,8
176080,134097,9
176080,100724,10
176372,176017,1
176372,176080,2
176372,175856,3
176372,220862,4
176372,139940,5
176372,159391,6
176372,100751,7
176372,175342,8
176372,157447,9
176372,141334,10
176965,155399,1
176965,178396,2
176965,155317,3
176965,178402,4
176965,178420,5
176965,178624,6
176965,149222,7
176965,173920,8
176965,186131,9
176965,154095,10
177418,178420,1
177418,177551,2
177418,177968,3
178396,178402,1
178396,179867,2
178396,145813,3
178396,178624,4
178396,155399,5
178396,176965,6
178396,179159,7
178396,178420,8
178396,170976,9
178396,204857,10
178402,178396,1
178402,178420,2
178402,155317,3
178402,176965,4
178402,155399,5
178402,179867,6
178402,204857,7
178402,179159,8
178402,156082,9
178402,138354,10
178411,187967,1
178411,214777,2
178411,126775,3
178411,207971,4
178411,123961,5
178411,228723,6
178411,194824,7
178411,166683,8
178411,145725,9
178411,134130,10
178420,178402,1
178420,179867,2
178420,154095,3
178420,177551,4
178420,179159,5
178420,155399,6
178420,176965,7
178420,178396,8
178420,177968,9
178420,153603,10
178615,149222,1
178615,176965,2
178615,179159,3
178615,149231,4
178615,207971,5
178615,143358,6
178615,150534,7
178615,153269,8
178624,178396,1
178624,153603,2
178624,176965,3
178624,155399,4
178624,236948,5
178624,179867,6
178624,177968,7
178624,178420,8
178624,126818,9
178624,166027,10
179159,179867,1
179159,178396,2
179159,178420,3
179159,178402,4
179159,204909,5
179159,149231,6
179159,198419,7
179159,186131,8
179159,166027,9
179159,204796,10
179557,155399,1
179557,143358,2
179557,174066,3
179557,178387,4
179557,178341,5
179557,176965,6
179557,178624,7
179557,179867,8
179557,179043,9
179557,177968,10
179566,178396,1
179566,198464,2
179566,202134,3
179566,230728,4
179566,230764,5
179566,176372,6
179566,178420,7
179566,105330,8
179566,149222,9
179894,178420,1
179894,157401,2
179894,179159,3
179894,178396,4
179894,121150,5
179894,177968,6
180179,210429,1
180179,142276,2
180179,180489,3
180416,180692,1
180416,209506,2
180416,180461,3
180416,142276,4
180416,180489,5
180416,142115,6
180416,208646,7
180416,210429,8
180416,234827,9
180416,237011,10
180461,142115,1
180461,236948,2
180461,180489,3
180461,142276,4
180461,230764,5
180461,236939,6
180461,126818,7
180461,180692,8
180461,180416,9
180461,234827,10
180489,142115,1
180489,209551,2
180489,142276,3
180489,180461,4
180489,102614,5
180489,236939,6
180489,180692,7
180489,180179,8
180489,210429,9
180489,180416,10
180522,208646,1
180522,210429,2
180522,234827,3
180522,237011,4
180522,180692,5
180522,180416,6
181002,174066,1
181002,201885,2
181002,206622,3
181002,181394,4
181002,199120,5
181002,144005,6
181002,240444,7
181002,240453,8
181002,236948,9
181002,236595,10
182281,182290,1
182281,104151,2
182281,135726,3
182281,110592,4
182281,110662,5
182281,110422,6
182281,123961,7
182281,111948,8
182281,204857,9
182281,139940,10
182290,182281,1
182290,123961,2
182290,110635,3
182290,110662,4
182290,243744,5
182290,243780,6
182290,126614,7
182290,230764,8
182290,209807,9
182290,237011,10
182670,190415,1
182670,130794,2
182670,166027,3
182670,243744,4
182670,217156,5
182670,186131,6
182670,190150,7
182670,215062,8
182670,110635,9
182670,193900,10
183062,217484,1
183062,212115,2
183062,196149,3
183062,128771,4
183062,168263,5
183062,237525,6
183062,165024,7
183062,167899,8
183062,192819,9
183062,236948,10
183974,184612,1
183974,183910,2
183974,133669,3
184348,185572,1
184348,184782,2
184348,164988,3
184348,187444,4
184348,217156,5
184348,211352,6
184348,186380,7
184612,185590,1
184612,185262,2
184612,187046,3
184612,187444,4
184612,186371,5
184612,186201,6
184612,186131,7
184612,185828,8
184612,185129,9
184612,185572,10
185572,184782,1
185572,184603,2
185572,187134,3
185572,185590,4
185572,186380,5
185572,185828,6
185572,184348,7
185572,186201,8
185572,187046,9
185572,187444,10
185590,185262,1
185590,186380,2
185590,184782,3
185590,212115,4
185590,213349,5
185590,211158,6
185590,187444,7
185590,184603,8
185590,216339,9
185590,132903,10
185828,186380,1
185828,185572,2
185828,187046,3
185828,184603,4
185828,186131,5
185828,186371,6
185828,184782,7
185828,196413,8
185828,214777,9
185828,187134,10
186131,166027,1
186131,130794,2
186131,243744,3
186131,190415,4
186131,190150,5
186131,217156,6
186131,198419,7
186131,110635,8
186131,215062,9
186131,182670,10
186283,213349,1
186283,185590,2
186283,216852,3
186283,214777,4
186283,211361,5
186283,185572,6
186283,186380,7
186371,186380,1
186371,186399,2
186371,195030,3
186371,216339,4
186371,186131,5
186371,185129,6
186371,170976,7
186371,164988,8
186371,185828,9
186371,185572,10
186380,214777,1
186380,187134,2
186380,163286,3
186380,186371,4
186380,186399,5
186380,216597,6
186380,130943,7
186380,193900,8
186380,216339,9
186380,132903,10
186584,186380,1
186584,135726,2
186584,131496,3
186584,215062,4
186584,187134,5
186584,196413,6
186584,218663,7
186584,164988,8
186584,199120,9
186584,186131,10
186867,186380,1
186867,187134,2
186867,211291,3
186867,196413,4
186867,213543,5
186867,214777,6
186867,184782,7
186867,195003,8
186867,135726,9
186867,217402,10
187046,184603,1
187046,185828,2
187046,185572,3
187046,186131,4
187046,186380,5
187046,187444,6
187046,186371,7
187046,186201,8
187046,185129,9
187046,185262,10
187967,102614,1
187967,228778,2
187967,214777,3
187967,178411,4
187967,155317,5
187967,110422,6
187967,159391,7
187967,123961,8
187967,171128,9
187967,126775,10
187985,236948,1
187985,105330,2
187985,228529,3
187985,145637,4
187985,126580,5
187985,106704,6
187985,188030,7
187985,228723,8
187985,228778,9
187985,204857,10
188030,104151,1
188030,228796,2
188030,190415,3
188030,105330,4
188030,106245,5
188030,122409,6
188030,226091,7
188030,232423,8
188030,213020,9
188030,228778,10
188429,191649,1
188429,196097,2
188429,193900,3
188429,196413,4
188429,191968,5
188429,215293,6
188429,188641,7
188429,191241,8
188429,195809,9
188429,134097,10
188641,188429,1
188641,189705,2
188641,190725,3
188641,192819,4
188641,164988,5
188641,192323,6
188641,191931,7
188641,190558,8
188641,196176,9
188641,196112,10
189088,162654,1
189088,217156,2
189088,190150,3
189088,189097,4
189088,197133,5
189088,163046,6
189088,211273,7
189088,231174,8
189088,110635,9
189088,139658,10
189705,188641,1
189705,191968,2
189705,188429,3
189705,193973,4
189705,161253,5
189705,192819,6
189705,191649,7
189705,194824,8
189705,166638,9
189705,190558,10
190044,196413,1
190044,190415,2
190044,238032,3
190044,212054,4
190044,166027,5
190044,233921,6
190044,130794,7
190044,186867,8
190044,129020,9
190044,223232,10
190099,217156,1
190099,164924,2
190099,190415,3
190099,168342,4
190099,231624,5
190099,199120,6
190099,166027,7
190099,152080,8
190099,215062,9
190099,211291,10
190150,190415,1
190150,193900,2
190150,130794,3
190150,166027,4
190150,243744,5
190150,186131,6
190150,217156,7
190150,215062,8
190150,110635,9
190150,164988,10
190372,243744,1
190372,186131,2
190372,211440,3
190372,166027,4
190372,130794,5
190372,166683,6
190372,162928,7
190372,212054,8
190372,190415,9
190372,190150,10
190415,130794,1
190415,166027,2
190415,243744,3
190415,190150,4
190415,217156,5
190415,186131,6
190415,215062,7
190415,193900,8
190415,182670,9
190415,110635,10
190549,190594,1
190549,190567,2
190549,190512,3
190549,190664,4
190549,193900,5
190549,190637,6
190549,190691,7
190549,196097,8
190549,190558,9
190549,196079,10
190558,190549,1
190558,190594,2
190558,190567,3
190558,190664,4
190558,188429,5
190558,188641,6
190558,196097,7
190558,196176,8
190558,190761,9
190558,190691,10
190567,190549,1
190567,190594,2
190567,196097,3
190567,190637,4
190567,190664,5
190567,190150,6
190567,194824,7
190567,190558,8
190567,236948,9
190567,110592,10
190664,190549,1
190664,190567,2
190664,190594,3
190664,190637,4
190664,110592,5
190664,110538,6
190664,132903,7
190664,218663,8
190664,185262,9
190664,145813,10
190725,188641,1
190725,210775,2
190725,192925,3
190725,212054,4
190725,196158,5
190725,196079,6
190725,196088,7
190725,139940,8
190725,191968,9
191241,193900,1
191241,191649,2
191241,130794,3
191241,164988,4
191241,190415,5
191241,196413,6
191241,198516,7
191241,190150,8
191241,167358,9
191241,243744,10
191649,196413,1
191649,191968,2
191649,191241,3
191649,188429,4
191649,214777,5
191649,216339,6
191649,193900,7
191649,196060,8
191649,195809,9
191649,166629,10
191676,152530,1
191676,194161,2
191676,201654,3
191931,188641,1
191931,196237,2
191931,191241,3
191931,183910,4
191968,196413,1
191968,164988,2
191968,214777,3
191968,192819,4
191968,191649,5
191968,130226,6
191968,190415,7
191968,167899,8
191968,166629,9
191968,123961,10
192323,164988,1
192323,188641,2
192323,184603,3
192323,196413,4
192323,183822,5
192439,190549,1
192439,193900,2
192439,190150,3
192439,168005,4
192439,132602,5
192439,189228,6
192439,188641,7
192439,188429,8
192439,122597,9
192439,144005,10
192703,193900,1
192703,191241,2
192703,190637,3
192749,191241,1
192749,196219,2
192819,191968,1
192819,130226,2
192819,196413,3
192819,129242,4
192819,188641,5
192819,135726,6
192819,217156,7
192819,196079,8
192819,167899,9
192819,217484,10
193900,190150,1
193900,190415,2
193900,110662,3
193900,215062,4
193900,110635,5
193900,164988,6
193900,243744,7
193900,130794,8
193900,123961,9
193900,166027,10
193973,164988,1
193973,181394,2
193973,171100,3
193973,166638,4
193973,189705,5
193973,190415,6
193973,220862,7
193973,201441,8
193973,130794,9
193973,174783,10
194310,196413,1
194310,166027,2
194310,195809,3
194310,163046,4
194310,216339,5
194310,166513,6
194310,193900,7
194310,164924,8
194310,168005,9
194310,129242,10
194824,213543,1
194824,190415,2
194824,217156,3
194824,196413,4
194824,195003,5
194824,166683,6
194824,166027,7
194824,190150,8
194824,186131,9
194824,211291,10
195003,164988,1
195003,167358,2
195003,194824,3
195003,168421,4
195003,211440,5
195003,166629,6
195003,212054,7
195003,132903,8
195003,236948,9
195003,190415,10
195030,190415,1
195030,193900,2
195030,196413,3
195030,217156,4
195030,164988,5
195030,162928,6
195030,190150,7
195030,194824,8
195030,215062,9
195030,139658,10
195304,234207,1
195304,170976,2
195304,217156,3
195304,147767,4
195304,190415,5
195304,193900,6
195304,209922,7
195304,211440,8
195304,144050,9
195304,131469,10
195526,196413,1
195526,163286,2
195526,196866,3
195526,211291,4
195526,191649,5
195526,191968,6
195526,217156,7
195526,164988,8
195526,204501,9
195526,165662,10
196060,196413,1
196060,191649,2
196060,196079,3
196060,196097,4
196060,195809,5
196060,196185,6
196060,131159,7
196060,196176,8
196060,191968,9
196060,195474,10
196079,196097,1
196079,196088,2
196079,192819,3
196079,190549,4
196079,190415,5
196079,196413,6
196079,190567,7
196079,196060,8
196079,163286,9
196079,196130,10
196088,196079,1
196088,196130,2
196088,196413,3
196088,232982,4
196088,227216,5
196088,185262,6
196088,196103,7
196088,163286,8
196088,193900,9
196088,196097,10
196097,190567,1
196097,196079,2
196097,196413,3
196097,191968,4
196097,193900,5
196097,190549,6
196097,196130,7
196097,110635,8
196097,196176,9
196097,190415,10
196112,190567,1
196112,196194,2
196112,188641,3
196112,190655,4
196112,196097,5
196121,196149,1
196121,164447,2
196121,195720,3
196121,196176,4
196121,196246,5
196121,191968,6
196121,212115,7
196121,188641,8
196121,131520,9
196149,183062,1
196149,196158,2
196149,196097,3
196149,196176,4
196149,196246,5
196149,212115,6
196149,196121,7
196149,191649,8
196149,164924,9
196149,163286,10
196167,196413,1
196176,196246,1
196176,196097,2
196176,191968,3
196176,196149,4
196176,204796,5
196176,190558,6
196176,122409,7
196176,217484,8
196176,196079,9
196176,134097,10
196185,196149,1
196185,196176,2
196185,164076,3
196185,196246,4
196185,192819,5
196185,139940,6
196185,191968,7
196185,214777,8
196185,216278,9
196185,190415,10
196194,190567,1
196194,190415,2
196194,142285,3
196194,204024,4
196194,188641,5
196194,196158,6
196194,196079,7
196194,196149,8
196194,166683,9
196194,190655,10
196200,191515,1
196219,196413,1
196219,191968,2
196219,172699,3
196219,191241,4
196219,164988,5
196219,193900,6
196219,196079,7
196219,140951,8
196219,185590,9
196219,110583,10
196237,191241,1
196237,183910,2
196237,188641,3
196237,196246,4
196237,190664,5
196237,190549,6
196237,191649,7
196237,188429,8
196237,191931,9
196246,196176,1
196246,191968,2
196246,196097,3
196246,196149,4
196246,190637,5
196246,129020,6
196246,190549,7
196246,212115,8
196246,204796,9
196246,120254,10
196413,191968,1
196413,190415,2
196413,164988,3
196413,193900,4
196413,190150,5
196413,214777,6
196413,198419,7
196413,135726,8
196413,191649,9
196413,166629,10
196866,166629,1
196866,196413,2
196866,213385,3
196866,123961,4
196866,194824,5
196866,211291,6
196866,163286,7
196866,135726,8
196866,139658,9
196866,130226,10
197133,217156,1
197133,130794,2
197133,190415,3
197133,243744,4
197133,190150,5
197133,168342,6
197133,186131,7
197133,166027,8
197133,170976,9
197133,193900,10
197197,212054,1
197197,191241,2
197197,167358,3
197197,195809,4
197197,191649,5
197197,122612,6
197197,198419,7
197197,190594,8
197197,188429,9
197197,214777,10
197708,193900,1
197708,190150,2
197708,186131,3
197708,130794,4
197708,190415,5
197708,217156,6
197708,243744,7
197708,171100,8
197869,198464,1
197869,199120,2
197869,199218,3
197869,199193,4
197869,199139,5
197869,104151,6
197869,134097,7
197869,198516,8
197869,217882,9
197869,199148,10
198419,243744,1
198419,166027,2
198419,186131,3
198419,199120,4
198419,130794,5
198419,190415,6
198419,190150,7
198419,217156,8
198419,215062,9
198419,221999,10
198543,199102,1
198543,198464,2
198543,197869,3
198543,198419,4
198543,200004,5
198543,199281,6
198543,139311,7
198543,199999,8
198543,199139,9
198543,198507,10
198695,198516,1
198695,198215,2
198695,198464,3
198695,198808,4
198695,198419,5
198695,197869,6
198695,199847,7
198695,218663,8
198695,199139,9
198695,198561,10
198835,197869,1
198835,198808,2
198835,198561,3
198835,198464,4
198835,198215,5
198835,200004,6
198835,199111,7
198835,198899,8
198835,198695,9
198835,199120,10
198950,197869,1
198950,198464,2
198950,234030,3
198950,198419,4
198950,199148,5
198950,234076,6
198950,199193,7
198950,198695,8
199102,198543,1
199102,135726,2
199102,199999,3
199102,199193,4
199102,199157,5
199102,200004,6
199102,134130,7
199102,199139,8
199102,198464,9
199102,131520,10
199111,199139,1
199111,199218,2
199111,197869,3
199111,199120,4
199111,199148,5
199111,198516,6
199111,134097,7
199111,200004,8
199111,199193,9
199111,198835,10
199120,198419,1
199120,199139,2
199120,221999,3
199120,234076,4
199120,243744,5
199120,199847,6
199120,197869,7
199120,166027,8
199120,198464,9
199120,134097,10
199139,199120,1
199139,199218,2
199139,199193,3
199139,198464,4
199139,199148,5
199139,218663,6
199139,197869,7
199139,217882,8
199139,198419,9
199139,199111,10
199148,199139,1
199148,198464,2
199148,197869,3
199148,199218,4
199148,200004,5
199148,199281,6
199148,198516,7
199148,234030,8
199148,199193,9
199148,232982,10
199157,199102,1
199157,163453,2
199157,198464,3
199157,191241,4
199157,201441,5
199157,218733,6
199157,162007,7
199157,199139,8
199157,202134,9
199157,151306,10
199193,198464,1
199193,199139,2
199193,199120,3
199193,134130,4
199193,217882,5
199193,199218,6
199193,197869,7
199193,204796,8
199193,135726,9
199193,134097,10
199218,199139,1
199218,198464,2
199218,199120,3
199218,197869,4
199218,199193,5
199218,200004,6
199218,199148,7
199218,198516,8
199218,217882,9
199218,199111,10
199281,199218,1
199281,199148,2
199281,199139,3
199281,198464,4
199281,199120,5
199281,200004,6
199281,197869,7
199281,199847,8
199281,198543,9
199281,199193,10
199847,199120,1
199847,221999,2
199847,198419,3
199847,152080,4
199847,233374,5
199847,234076,6
199847,190415,7
199847,198516,8
199847,135726,9
199847,139658,10
199865,198613,1
199865,198516,2
199865,139658,3
199865,139959,4
200004,198464,1
200004,197869,2
200004,199218,3
200004,199148,4
200004,199102,5
200004,199120,6
200004,199281,7
200004,199139,8
200004,198695,9
200004,199111,10
200253,173920,1
200253,226833,2
200253,228769,3
200253,174066,4
200253,174233,5
200332,174066,1
200332,134130,2
200332,204857,3
200332,200800,4
200332,132903,5
200332,142276,6
200332,110529,7
200332,171100,8
200332,170976,9
200332,161253,10
200800,203517,1
200800,204796,2
200800,204857,3
200800,206695,4
200800,202134,5
200800,201441,6
200800,204024,7
200800,206084,8
200800,202480,9
200800,203775,10
201104,203517,1
201104,201195,2
201104,201441,3
201104,201645,4
201104,202134,5
201104,201654,6
201104,204185,7
201104,169798,8
201104,202763,9
201104,203128,10
201195,202134,1
201195,201441,2
201195,203517,3
201195,201104,4
201195,201645,5
201195,204796,6
201195,203128,7
201195,203368,8
201195,204909,9
201195,202480,10
201441,203517,1
201441,204796,2
201441,204857,3
201441,202134,4
201441,200800,5
201441,171100,6
201441,204024,7
201441,201195,8
201441,206084,9
201441,206695,10
201548,203517,1
201548,201441,2
201548,204024,3
201548,201654,4
201548,201371,5
201548,204635,6
201548,204796,7
201548,202134,8
201548,200800,9
201548,206695,10
201645,202134,1
201645,203517,2
201645,204796,3
201645,201195,4
201645,164988,5
201645,211440,6
201645,190415,7
201645,201441,8
201645,201104,9
201645,193900,10
201885,204796,1
201885,204857,2
201885,203517,3
201885,204024,4
201885,171100,5
201885,202480,6
201885,164988,7
201885,202134,8
201885,201441,9
201885,206622,10
202134,203517,1
202134,204796,2
202134,201441,3
202134,200800,4
202134,201195,5
202134,204857,6
202134,201645,7
202134,204024,8
202134,206084,9
202134,171100,10
202480,203517,1
202480,206622,2
202480,204796,3
202480,204024,4
202480,200800,5
202480,203368,6
202480,201441,7
202480,201885,8
202480,204857,9
202480,152080,10
203368,202480,1
203368,202134,2
203368,201195,3
203368,203517,4
203368,200800,5
203368,204796,6
203368,206084,7
203368,212106,8
203368,201645,9
203368,201885,10
203517,204796,1
203517,200800,2
203517,204857,3
203517,202134,4
203517,201441,5
203517,206695,6
203517,206084,7
203517,204024,8
203517,202480,9
203517,201195,10
204264,204024,1
204264,202134,2
204264,202523,3
204264,170082,4
204264,213020,5
204264,171456,6
204264,209542,7
204264,196413,8
204264,198419,9
204264,110592,10
204501,221999,1
204501,190415,2
204501,217156,3
204501,190150,4
204501,170976,5
204501,144050,6
204501,206589,7
204501,211440,8
204501,166027,9
204501,182670,10
204635,201441,1
204635,204796,2
204635,203517,3
204635,201195,4
204635,204185,5
204635,202480,6
204635,204857,7
204635,201548,8
204635,202763,9
204635,202134,10
204796,203517,1
204796,204857,2
204796,202134,3
204796,204024,4
204796,201441,5
204796,134130,6
204796,201885,7
204796,200800,8
204796,214777,9
204796,170976,10
204857,203517,1
204857,204796,2
204857,201441,3
204857,200800,4
204857,204024,5
204857,202134,6
204857,201885,7
204857,130794,8
204857,171100,9
204857,214777,10
205957,206622,1
205957,206589,2
205957,204200,3
205957,151102,4
205957,157447,5
206084,203517,1
206084,204796,2
206084,201441,3
206084,202134,4
206084,200800,5
206084,201885,6
206084,206695,7
206084,204857,8
206084,203368,9
206084,170976,10
206525,204909,1
206525,202523,2
206525,201645,3
206525,203517,4
206525,203128,5
206525,201195,6
206525,212160,7
206525,204024,8
206525,150136,9
206525,202763,10
206604,204796,1
206604,203517,2
206604,204857,3
206604,202480,4
206604,201441,5
206604,204024,6
206604,243780,7
206604,201885,8
206604,206695,9
206604,221999,10
206695,203517,1
206695,200800,2
206695,204796,3
206695,201441,4
206695,206084,5
206695,203492,6
206695,204185,7
206695,204857,8
206695,202134,9
206695,214777,10
206914,223232,1
206941,207458,1
206941,207388,2
206941,207500,3
207209,228769,1
207263,207500,1
207388,228723,1
207388,207500,2
207388,229115,3
207388,223232,4
207388,228778,5
207388,106397,6
207388,228875,7
207388,155399,8
207388,126818,9
207388,228529,10
207458,206941,1
207458,207500,2
207500,228723,1
207500,207388,2
207500,228778,3
207500,229115,4
207500,171100,5
207500,155399,6
207500,155317,7
207500,214777,8
207500,223232,9
207500,110662,10
207971,228778,1
207971,178615,2
207971,178411,3
207971,155317,4
207971,102614,5
207971,214777,6
207971,187967,7
207971,203845,8
207971,159391,9
207971,126775,10
208822,209065,1
208822,209825,2
208822,209612,3
208822,236133,4
208822,210401,5
208822,209922,6
208822,209542,7
208822,236577,8
208822,236595,9
208822,236230,10
209056,209922,1
209056,209542,2
209056,210429,3
209056,208646,4
209056,209612,5
209056,209551,6
209056,197133,7
209056,166683,8
209056,210401,9
209056,236948,10
209065,208822,1
209065,209825,2
209065,209612,3
209065,209542,4
209506,142328,1
209506,209542,2
209506,236939,3
209506,235097,4
209506,234827,5
209506,142285,6
209506,142276,7
209506,142115,8
209506,208646,9
209506,126562,10
209542,209551,1
209542,236948,2
209542,209807,3
209542,236939,4
209542,126818,5
209542,142115,6
209542,110635,7
209542,210429,8
209542,142285,9
209542,209825,10
209551,209542,1
209551,209807,2
209551,236948,3
209551,210429,4
209551,237011,5
209551,209825,6
209551,223232,7
209551,243744,8
209551,134097,9
209551,240444,10
209612,209551,1
209612,209542,2
209612,210401,3
209612,236577,4
209612,209922,5
209612,209807,6
209612,236948,7
209612,209825,8
209612,236595,9
209612,208822,10
209807,209542,1
209807,209551,2
209807,236948,3
209807,209825,4
209807,210429,5
209807,235097,6
209807,122597,7
209807,236939,8
209807,210146,9
209807,228723,10
209825,209542,1
209825,209807,2
209825,209551,3
209825,236595,4
209825,236948,5
209825,235316,6
209825,210429,7
209825,209612,8
209825,162928,9
209825,236133,10
209922,110635,1
209922,193900,2
209922,209056,3
209922,210401,4
209922,164465,5
209922,197133,6
209922,166683,7
209922,217156,8
209922,243744,9
209922,209612,10
210401,209612,1
210401,209922,2
210401,209807,3
210401,236328,4
210401,236230,5
210401,236577,6
210401,236948,7
210401,209551,8
210401,209542,9
210401,208646,10
211158,213349,1
211158,213020,2
211158,214777,3
211158,212054,4
211158,212115,5
211158,213613,6
211158,211644,7
211158,165024,8
211158,216339,9
211158,210775,10
211273,168342,1
211273,164465,2
211273,217156,3
211273,243744,4
211273,204501,5
211273,182670,6
211273,221999,7
211273,197133,8
211273,193900,9
211273,144050,10
211291,213543,1
211291,167358,2
211291,214777,3
211291,216597,4
211291,213385,5
211291,190415,6
211291,217156,7
211291,234076,8
211291,198419,9
211291,186131,10
211431,212106,1
211440,190415,1
211440,190150,2
211440,193900,3
211440,217156,4
211440,215062,5
211440,130794,6
211440,164988,7
211440,166683,8
211440,186131,9
211440,110635,10
211556,210669,1
211556,212160,2
212054,214777,1
212054,216339,2
212054,164988,3
212054,215062,4
212054,193900,5
212054,213349,6
212054,211158,7
212054,190150,8
212054,162928,9
212054,216597,10
212106,215293,1
212106,214777,2
212106,203368,3
212106,212160,4
212106,216764,5
212106,216339,6
212106,212054,7
212106,191968,8
212106,215655,9
212106,213358,10
212601,211644,1
212601,216038,2
212601,212160,3
212601,214777,4
212601,212106,5
212601,215293,6
212656,201441,1
213349,211158,1
213349,214777,2
213349,216339,3
213349,212054,4
213349,213613,5
213349,213020,6
213349,212115,7
213349,193900,8
213349,215062,9
213349,211361,10
213367,167358,1
213367,214777,2
213367,134130,3
213367,212054,4
213367,110635,5
213367,164988,6
213367,166638,7
213367,130794,8
213367,166629,9
213367,163286,10
213543,214777,1
213543,215062,2
213543,211291,3
213543,190415,4
213543,194824,5
213543,130794,6
213543,190150,7
213543,163286,8
213543,193900,9
213543,234076,10
213613,211644,1
213613,213020,2
213613,211158,3
213613,216038,4
213613,213349,5
213613,212160,6
213613,216010,7
213613,212115,8
213613,216339,9
213613,216764,10
213987,164988,1
213987,212054,2
213987,166027,3
213987,164739,4
213987,166638,5
213987,130794,6
213987,196413,7
213987,217156,8
213987,215293,9
214777,215062,1
214777,212054,2
214777,164988,3
214777,190415,4
214777,213543,5
214777,215293,6
214777,204796,7
214777,163286,8
214777,234076,9
214777,196413,10
215062,190150,1
215062,190415,2
215062,130794,3
215062,166027,4
215062,193900,5
215062,243744,6
215062,217156,7
215062,186131,8
215062,110635,9
215062,214777,10
215105,192110,1
215105,193900,2
215105,216339,3
215105,193654,4
215105,243744,5
215105,212054,6
215105,140951,7
215105,204857,8
215105,215062,9
215105,136330,10
215293,214777,1
215293,193900,2
215293,196413,3
215293,204796,4
215293,216339,5
215293,163286,6
215293,164988,7
215293,215062,8
215293,212106,9
215293,130943,10
215442,214777,1
215442,215293,2
215442,211440,3
215442,212106,4
215442,211361,5
215442,213020,6
215442,212160,7
215442,201195,8
215798,214777,1
215929,130943,1
215929,196413,2
215929,166629,3
215929,191968,4
215929,213385,5
215929,164988,6
215929,129242,7
215929,130226,8
215929,163046,9
215929,196866,10
215947,190549,1
216038,213020,1
216038,211644,2
216038,216764,3
216038,212160,4
216038,213613,5
216038,211158,6
216038,216010,7
216038,213349,8
216038,216339,9
216038,214777,10
216339,212054,1
216339,193900,2
216339,214777,3
216339,213349,4
216339,186380,5
216339,164988,6
216339,216597,7
216339,215293,8
216339,213543,9
216339,134097,10
216597,214777,1
216597,186380,2
216597,211291,3
216597,216339,4
216597,212054,5
216597,130943,6
216597,234076,7
216597,213543,8
216597,190415,9
216597,131496,10
216931,214777,1
216931,216852,2
216931,213543,3
216931,214157,4
216931,212577,5
217156,190415,1
217156,243744,2
217156,166027,3
217156,130794,4
217156,190150,5
217156,186131,6
217156,164988,7
217156,215062,8
217156,182670,9
217156,110635,10
217402,217156,1
217402,164988,2
217402,163046,3
217402,217518,4
217402,167358,5
217402,217420,6
217402,196413,7
217402,167987,8
217402,129242,9
217402,233374,10
217420,217484,1
217420,167729,2
217420,217402,3
217420,165024,4
217420,130794,5
217420,128771,6
217420,217536,7
217420,183071,8
217420,217518,9
217420,183080,10
217484,217518,1
217484,166629,2
217484,167358,3
217484,164988,4
217484,129020,5
217484,183044,6
217484,141574,7
217484,161253,8
217484,167729,9
217484,165024,10
217493,140951,1
217493,194578,2
217493,136774,3
217493,197151,4
217493,163295,5
217493,193654,6
217493,111081,7
217493,143048,8
217493,191126,9
217493,109651,10
217819,218663,1
217819,217882,2
217819,198464,3
217819,218724,4
217819,198516,5
217819,199139,6
217819,232423,7
217819,199218,8
217819,133669,9
217819,135726,10
217864,234085,1
217864,197036,2
217864,164155,3
217864,218168,4
217864,135726,5
217864,217819,6
217882,218663,1
217882,199193,2
217882,199120,3
217882,100858,4
217882,139959,5
217882,197869,6
217882,139755,7
217882,134130,8
217882,134097,9
217882,199139,10
217934,218238,1
217934,218414,2
217934,218070,3
217934,218742,4
217934,217907,5
217934,217688,6
217934,217961,7
218061,217819,1
218061,217882,2
218061,218724,3
218061,218663,4
218061,218742,5
218061,217721,6
218061,197869,7
218061,198136,8
218061,217688,9
218061,198215,10
218070,199847,1
218070,217882,2
218070,217819,3
218070,218733,4
218070,218229,5
218070,134097,6
218070,190415,7
218070,133951,8
218070,218742,9
218070,218663,10
218663,217882,1
218663,217819,2
218663,199120,3
218663,199139,4
218663,134097,5
218663,139959,6
218663,198516,7
218663,100751,8
218663,164988,9
218663,218724,10
219082,166948,1
219082,174020,2
219082,134811,3
219082,222831,4
219347,240444,1
219347,187967,2
219356,219471,1
219356,173920,2
219356,126818,3
219356,156295,4
219356,219198,5
219356,153658,6
219356,174066,7
219471,219356,1
219471,141574,2
219471,219046,3
219471,199218,4
219471,175342,5
219471,219198,6
219602,220075,1
219602,219709,2
219602,220978,3
219709,219976,1
219709,221999,2
219709,220978,3
219709,221759,4
219709,220075,5
219709,219602,6
219709,222178,7
219709,221838,8
219709,134097,9
219709,198613,10
219806,222178,1
219806,221759,2
219806,220978,3
219806,220075,4
219976,219709,1
219976,198516,2
219976,221999,3
219976,237011,4
219976,209825,5
219976,228246,6
219976,228875,7
219976,221838,8
219976,223232,9
219976,220978,10
220181,193900,1
220181,134097,2
220181,175342,3
220181,175856,4
220181,139658,5
220181,100724,6
220181,139144,7
220181,221838,8
220181,157058,9
220181,131496,10
220862,221759,1
220862,176080,2
220862,176372,3
220862,135726,4
220862,221838,5
220862,133951,6
220862,176017,7
220862,155399,8
220862,134097,9
220862,139940,10
220978,221759,1
220978,220075,2
220978,218663,3
220978,221999,4
220978,221740,5
220978,100751,6
220978,198464,7
220978,100858,8
220978,219709,9
220978,220862,10
221351,221999,1
221351,163976,2
221351,227757,3
221519,126818,1
221519,231624,2
221519,139658,3
221519,212911,4
221519,217819,5
221519,227757,6
221519,239017,7
221519,166027,8
221519,186131,9
221519,198419,10
221740,221759,1
221740,220978,2
221740,157085,3
221740,134097,4
221740,220075,5
221740,176372,6
221740,198464,7
221740,176017,8
221740,139940,9
221740,139658,10
221759,220978,1
221759,220075,2
221759,221999,3
221759,134130,4
221759,220862,5
221759,199120,6
221759,176080,7
221759,221740,8
221759,139959,9
221759,204796,10
221768,220978,1
221768,176080,2
221768,156620,3
221838,139940,1
221838,221759,2
221838,220862,3
221838,133650,4
221838,104151,5
221838,219949,6
221838,176080,7
221838,220978,8
221838,131520,9
221838,100724,10
221847,220075,1
221847,221759,2
221847,139940,3
221847,207388,4
221847,176372,5
221847,176017,6
221847,176080,7
221847,228723,8
221847,228705,9
221847,217484,10
221999,217156,1
221999,243744,2
221999,199120,3
221999,131496,4
221999,190415,5
221999,215062,6
221999,198419,7
221999,166027,8
221999,130794,9
221999,186131,10
222831,228723,1
222831,227216,2
222831,229115,3
222831,226833,4
222831,228529,5
222831,223232,6
222831,228769,7
222831,228459,8
222831,222178,9
222831,227881,10
222983,223232,1
222983,228723,2
222983,227216,3
222983,224226,4
222983,228787,5
222983,228778,6
222983,222178,7
222983,229267,8
222983,229115,9
222983,228769,10
223232,228723,1
223232,228778,2
223232,228875,3
223232,229115,4
223232,228769,5
223232,227216,6
223232,228787,7
223232,228459,8
223232,227757,9
223232,222178,10
224147,228723,1
224147,229115,2
224147,228769,3
224147,228459,4
224147,228431,5
224147,223232,6
224147,226833,7
224147,227216,8
224147,229027,9
224147,228778,10
224226,228769,1
224226,228787,2
224226,229179,3
224226,223232,4
224226,227216,5
224226,224527,6
224226,226231,7
224226,222178,8
224226,228431,9
224226,228246,10
224323,228787,1
224323,227216,2
224323,229115,3
224323,229179,4
224323,228769,5
224323,223232,6
224323,228723,7
224323,228778,8
224323,228875,9
224323,224554,10
225511,228778,1
225511,228459,2
225511,227216,3
225511,228723,4
225511,227881,5
225511,229027,6
225511,223232,7
225511,229115,8
225511,228769,9
225511,226833,10
226091,226833,1
226091,228431,2
226091,227881,3
226091,227216,4
226091,228459,5
226091,228529,6
226091,228723,7
226091,225511,8
226091,224147,9
226091,223232,10
226152,228529,1
226152,227881,2
226152,227331,3
226152,222831,4
226152,228459,5
226152,227216,6
226231,228787,1
226231,224226,2
226231,223232,3
226231,228246,4
226231,228723,5
226231,110404,6
226231,225548,7
226231,225399,8
226833,228529,1
226833,228459,2
226833,227216,3
226833,226091,4
226833,229115,5
226833,228723,6
226833,225511,7
226833,228431,8
226833,228769,9
226833,223232,10
227216,228787,1
227216,228769,2
227216,229179,3
227216,228778,4
227216,229115,5
227216,228723,6
227216,223232,7
227216,228459,8
227216,228875,9
227216,228529,10
227368,225511,1
227368,228459,2
227368,228723,3
227368,228778,4
227368,226091,5
227368,224147,6
227368,227216,7
227368,229027,8
227368,229115,9
227368,229179,10
227526,228529,1
227526,227881,2
227526,227216,3
227526,228431,4
227526,229063,5
227526,223232,6
227526,226833,7
227526,224554,8
227526,228778,9
227526,228723,10
227757,223232,1
227757,228723,2
227757,228778,3
227757,130794,4
227757,190415,5
227757,190150,6
227757,198419,7
227757,166027,8
227757,215062,9
227757,243744,10
227881,228431,1
227881,228459,2
227881,228529,3
227881,227216,4
227881,223232,5
227881,225511,6
227881,229115,7
227881,228723,8
227881,229027,9
227881,228787,10
228246,228875,1
228246,227216,2
228246,223232,3
228246,228723,4
228246,228787,5
228246,228769,6
228246,228778,7
228246,229115,8
228246,229267,9
228246,152080,10
228431,227881,1
228431,228459,2
228431,229115,3
228431,227216,4
228431,223232,5
228431,228529,6
228431,228723,7
228431,228769,8
228431,226833,9
228431,229179,10
228459,228723,1
228459,229115,2
228459,228778,3
228459,227216,4
228459,228431,5
228459,227881,6
228459,228769,7
228459,229179,8
228459,228875,9
228459,223232,10
228529,228723,1
228529,227216,2
228529,229115,3
228529,228769,4
228529,228431,5
228529,228459,6
228529,227881,7
228529,226833,8
228529,228778,9
228529,229179,10
228723,228778,1
228723,223232,2
228723,229115,3
228723,228459,4
228723,227216,5
228723,228769,6
228723,228787,7
228723,228875,8
228723,228529,9
228723,229179,10
228769,227216,1
228769,228787,2
228769,229179,3
228769,228778,4
228769,228723,5
228769,229115,6
228769,223232,7
228769,228875,8
228769,228459,9
228769,229027,10
228778,228723,1
228778,223232,2
228778,229115,3
228778,227216,4
228778,228769,5
228778,228459,6
228778,228875,7
228778,229027,8
228778,228787,9
228778,225511,10
228787,227216,1
228787,228769,2
228787,228723,3
228787,229179,4
228787,228778,5
228787,223232,6
228787,229115,7
228787,224323,8
228787,229027,9
228787,228459,10
228796,225511,1
228796,229027,2
228796,228778,3
228796,228769,4
228796,229115,5
228796,228723,6
228796,228787,7
228796,226833,8
228796,207388,9
228796,188030,10
228875,223232,1
228875,228723,2
228875,228778,3
228875,227216,4
228875,228769,5
228875,228459,6
228875,228246,7
228875,229115,8
228875,222178,9
228875,229179,10
229027,228778,1
229027,228769,2
229027,228723,3
229027,228459,4
229027,225511,5
229027,228787,6
229027,227216,7
229027,229115,8
229027,227881,9
229027,223232,10
229063,227526,1
229063,223232,2
229063,225432,3
229063,227216,4
229063,224147,5
229063,228459,6
229063,228787,7
229063,228723,8
229063,225511,9
229063,159391,10
229115,228723,1
229115,228778,2
229115,227216,3
229115,228459,4
229115,223232,5
229115,228769,6
229115,228529,7
229115,229814,8
229115,228431,9
229115,229179,10
230038,230728,1
230038,142522,2
230038,230764,3
230038,130794,4
230038,230047,5
230038,134130,6
230038,134097,7
230038,166027,8
230038,105330,9
230038,132903,10
230603,221759,1
230728,230038,1
230728,230764,2
230728,236939,3
230728,105330,4
230728,142115,5
230728,126818,6
230728,104151,7
230728,198464,8
230728,134097,9
230728,236948,10
230764,230038,1
230764,230728,2
230764,110583,3
230764,105330,4
230764,171100,5
230764,130794,6
230764,166027,7
230764,123961,8
230764,228723,9
230764,236948,10
230782,209551,1
230782,230728,2
230782,105330,3
230807,126562,1
230807,135726,2
230807,138354,3
230807,209807,4
230807,199847,5
230807,126580,6
230807,122597,7
230807,154590,8
230834,168148,1
230834,164988,2
230834,190150,3
230834,128771,4
230834,162584,5
230834,215293,6
230834,214777,7
230834,198464,8
230834,198419,9
230834,212054,10
230852,217156,1
230852,193900,2
230852,227757,3
230852,165015,4
230852,167729,5
230852,165024,6
230852,164988,7
230852,167358,8
230852,144050,9
230940,236948,1
230959,190415,1
230959,182670,2
230959,110635,3
230959,193900,4
230959,166683,5
230959,164465,6
230959,215293,7
230959,130794,8
230959,170976,9
230959,197133,10
230995,134130,1
230995,134097,2
230995,135726,3
230995,176080,4
230995,194824,5
230995,153603,6
230995,100724,7
230995,139940,8
230995,137351,9
230995,209542,10
231174,183044,1
231174,168148,2
231174,161253,3
231174,217484,4
231174,170976,5
231174,164988,6
231174,166638,7
231174,192819,8
231174,166629,9
231174,182670,10
231624,234076,1
231624,190415,2
231624,198419,3
231624,221999,4
231624,131496,5
231624,199120,6
231624,217156,7
231624,190150,8
231624,186131,9
231624,215062,10
231712,232423,1
231712,233921,2
231712,232982,3
231712,232681,4
231712,232186,5
231712,232566,6
231712,233277,7
231712,176017,8
231712,199139,9
231712,232557,10
232186,233277,1
232186,232423,2
232186,233921,3
232186,234030,4
232186,218663,5
232186,197869,6
232186,234076,7
232186,131469,8
232186,214777,9
232186,198464,10
232265,134097,1
232265,138947,2
232265,133650,3
232265,232982,4
232265,232937,5
232265,131520,6
232265,129941,7
232265,211608,8
232265,211158,9
232265,164988,10
232423,232186,1
232423,163286,2
232423,198516,3
232423,233921,4
232423,234030,5
232423,232982,6
232423,232681,7
232423,231712,8
232423,214777,9
232423,217819,10
232557,232423,1
232557,132903,2
232557,134130,3
232557,233921,4
232557,232186,5
232557,134097,6
232557,201654,7
232557,213020,8
232557,232982,9
232557,231712,10
232609,234076,1
232609,233277,2
232982,233921,1
232982,234030,2
232982,232423,3
232982,234076,4
232982,232566,5
232982,198464,6
232982,214777,7
232982,213020,8
232982,203517,9
232982,231712,10
233277,232186,1
233277,234030,2
233277,232566,3
233277,233921,4
233277,232423,5
233277,198464,6
233277,238032,7
233277,234076,8
233277,232982,9
233277,164076,10
233374,199847,1
233374,198516,2
233374,196413,3
233374,234076,4
233374,193900,5
233374,221999,6
233374,123961,7
233374,199139,8
233374,215062,9
233374,166027,10
233921,163286,1
233921,234076,2
233921,232982,3
233921,214777,4
233921,232423,5
233921,134130,6
233921,217882,7
233921,232186,8
233921,199193,9
233921,213543,10
234030,232982,1
234030,232423,2
234030,232186,3
234030,233277,4
234030,164988,5
234030,216339,6
234030,233541,7
234030,234076,8
234030,199148,9
234030,198464,10
234076,190415,1
234076,199120,2
234076,190150,3
234076,166027,4
234076,215062,5
234076,198419,6
234076,231624,7
234076,243744,8
234076,217156,9
234076,130794,10
234207,170976,1
234207,167358,2
234207,151351,3
234207,147767,4
234207,234076,5
234207,193900,6
234207,209922,7
234207,212577,8
234207,214777,9
234207,195304,10
234827,235097,1
234827,236948,2
234827,237011,3
234827,236939,4
234827,236328,5
234827,236595,6
234827,236577,7
234827,235316,8
234827,190415,9
234827,166027,10
235316,236948,1
235316,237011,2
235316,236595,3
235316,236939,4
235316,190415,5
235316,235097,6
235316,190150,7
235316,209825,8
235316,236577,9
235316,234827,10
236230,236595,1
236230,236328,2
236230,236577,3
236230,236948,4
236230,236896,5
236230,234827,6
236230,235097,7
236230,235316,8
236230,209542,9
236230,209825,10
236328,236948,1
236328,236577,2
236328,235097,3
236328,236230,4
236328,237066,5
236328,236595,6
236328,234827,7
236328,237057,8
236328,236896,9
236328,210401,10
236577,236948,1
236577,236595,2
236577,237011,3
236577,236328,4
236577,235097,5
236577,236230,6
236577,235316,7
236577,234827,8
236577,236896,9
236577,209612,10
236595,236948,1
236595,235316,2
236595,236577,3
236595,235097,4
236595,209825,5
236595,236896,6
236595,236328,7
236595,236939,8
236595,237066,9
236595,237011,10
236896,236595,1
236896,236577,2
236896,236230,3
236896,236948,4
236896,235097,5
236896,234827,6
236896,237011,7
236896,168740,8
236896,182670,9
236896,237066,10
236939,236948,1
236939,209542,2
236939,237011,3
236939,235097,4
236939,142285,5
236939,126818,6
236939,142115,7
236939,230728,8
236939,235316,9
236939,209807,10
236948,236939,1
236948,236595,2
236948,237011,3
236948,209542,4
236948,235316,5
236948,110635,6
236948,110662,7
236948,228778,8
236948,170976,9
236948,209807,10
237011,236948,1
237011,236939,2
237011,235316,3
237011,209551,4
237011,209542,5
237011,236577,6
237011,234827,7
237011,236595,8
237011,235097,9
237011,142115,10
237066,236328,1
237066,236595,2
237066,235097,3
237066,236948,4
237066,236577,5
237066,236896,6
237066,236133,7
237066,236230,8
237066,237011,9
237066,235316,10
237312,237969,1
237525,198464,1
237525,128771,2
237525,204857,3
237525,212115,4
237525,190415,5
237525,139366,6
237525,106458,7
237525,197869,8
237525,139755,9
237525,196413,10
238032,214777,1
238032,196413,2
238032,233921,3
238032,218663,4
238032,229115,5
238032,204796,6
238032,232186,7
238032,233277,8
238032,223232,9
238032,163286,10
238193,238458,1
238193,240107,2
238193,239309,3
238193,238430,4
238193,240329,5
238193,238980,6
238193,238661,7
238193,238333,8
238476,240444,1
238476,143358,2
238476,238458,3
238476,153603,4
238476,238430,5
238476,153658,6
238476,151324,7
238476,206604,8
238476,172699,9
238476,143084,10
238616,240277,1
238616,238458,2
238616,170976,3
238616,239105,4
238616,239716,5
238616,240365,6
238616,240444,7
238616,240453,8
239105,240444,1
239105,240329,2
239105,145637,3
239105,153658,4
239105,143358,5
239105,239716,6
239105,174066,7
239105,144740,8
239105,153603,9
239105,153269,10
239716,240365,1
239716,240444,2
239716,240268,3
239716,240277,4
239716,240329,5
239716,239105,6
239716,174066,7
239716,173920,8
239716,240471,9
239716,240480,10
240189,240268,1
240189,240277,2
240189,240462,3
240189,240329,4
240189,240426,5
240189,240480,6
240189,240453,7
240189,240471,8
240189,240365,9
240189,240444,10
240268,240444,1
240268,240329,2
240268,240365,3
240268,240189,4
240268,240471,5
240268,240453,6
240268,239716,7
240268,174066,8
240268,240480,9
240268,240277,10
240374,240471,1
240374,240365,2
240374,240329,3
240374,240268,4
240374,240426,5
240374,240453,6
240374,240189,7
240374,240462,8
240374,240392,9
240374,240417,10
240417,240365,1
240417,240277,2
240417,240268,3
240417,240444,4
240417,240453,5
240417,240480,6
240417,240189,7
240417,240329,8
240417,215293,9
240417,145600,10
240426,240277,1
240426,240189,2
240426,240471,3
240426,240374,4
240426,240365,5
240426,240462,6
240426,240480,7
240426,240444,8
240426,240268,9
240426,104151,10
240444,174066,1
240444,170976,2
240444,240329,3
240444,240453,4
240444,240277,5
240444,145637,6
240444,171100,7
240444,153658,8
240444,243780,9
240444,240268,10
240453,240444,1
240453,240329,2
240453,240268,3
240453,240365,4
240453,240277,5
240453,240462,6
240453,174066,7
240453,240471,8
240453,240189,9
240453,240374,10
240462,240189,1
240462,240444,2
240462,240453,3
240462,240471,4
240462,240277,5
240462,240365,6
240462,240426,7
240462,240374,8
240462,145813,9
240462,149772,10
240727,190415,1
240727,126580,2
240727,237011,3
240727,215062,4
240727,166027,5
240727,166683,6
240727,126562,7
240727,163286,8
240727,163046,9
240727,153658,10
243744,166027,1
243744,130794,2
243744,110635,3
243744,186131,4
243744,110662,5
243744,190415,6
243744,217156,7
243744,190150,8
243744,123961,9
243744,166683,10
243780,170976,1
243780,171100,2
243780,145637,3
243780,151351,4
243780,240444,5
243780,190415,6
243780,214777,7
243780,150136,8
243780,204796,9
243780,166683,10
366711,122409,1
366711,110680,2
366711,122597,3
366711,110705,4
366711,110714,5
366711,409698,6
366711,121150,7
366711,104151,8
366711,117946,9
366711,134097,10
433660,137351,1
433660,132903,2
433660,133669,3
433660,134097,4
433660,134130,5
433660,133951,6
433660,133650,7
433660,136172,8
433660,138354,9
433660,135726,10
