profile pic,nums/length username,fullname words,nums/length fullname,name==username,description length,external URL,private,posts,followers,follows,fake,Selected
1,0.27,0.0,0.0,0,53.0,0,0,32.0,1000.0,955.0,0,No
1,0.0,2.0,0.0,0,44.0,0,0,286.0,2740.0,533.0,0,No
1,0.1,2.0,0.0,0,0.0,0,1,13.0,159.0,98.0,0,No
1,0.0,1.0,0.0,0,82.0,0,0,679.0,414.0,651.0,0,No
1,0.0,2.0,0.0,0,0.0,0,1,6.0,151.0,126.0,0,No
1,0.0,4.0,0.0,0,81.0,1,0,344.0,669987.0,150.0,0,No
1,0.0,2.0,0.0,0,50.0,0,0,16.0,122.0,177.0,0,No
1,0.0,2.0,0.0,0,0.0,0,0,33.0,1078.0,76.0,0,No
1,0.0,0.0,0.0,0,71.0,0,0,72.0,1824.0,2713.0,0,No
1,0.0,2.0,0.0,0,40.0,1,0,213.0,12945.0,813.0,0,No
1,0.0,2.0,0.0,0,54.0,0,0,648.0,9884.0,1173.0,0,No
1,0.0,2.0,0.0,0,54.0,1,0,76.0,1188.0,365.0,0,No
1,0.0,2.0,0.0,0,0.0,1,0,298.0,945.0,583.0,0,No
1,0.0,2.0,0.0,0,103.0,1,0,117.0,12033.0,248.0,0,No
1,0.0,2.0,0.0,0,98.0,1,0,487.0,1962.0,2701.0,0,No
1,0.0,3.0,0.0,0,46.0,0,0,254.0,50374.0,900.0,0,No
1,0.0,3.0,0.0,0,0.0,0,0,59.0,7007.0,289.0,0,No
1,0.29,3.0,0.0,0,48.0,0,0,1570.0,1128.0,694.0,0,No
1,0.0,2.0,0.0,0,63.0,1,0,378.0,34670.0,1878.0,0,No
1,0.0,2.0,0.0,0,106.0,1,0,526.0,2338.0,776.0,0,No
1,0.0,2.0,0.0,0,40.0,0,0,228.0,3516.0,999.0,0,No
1,0.0,1.0,0.0,0,35.0,1,1,35.0,1809.0,416.0,0,No
1,0.0,2.0,0.0,0,30.0,0,0,281.0,427.0,470.0,0,No
1,0.0,1.0,0.0,0,27.0,0,0,285.0,759.0,956.0,0,No
1,0.0,0.0,0.0,0,0.0,0,0,148.0,15338538.0,61.0,0,No
1,0.0,1.0,0.0,0,109.0,1,1,57.0,109.0,179.0,0,No
1,0.0,6.0,0.0,0,0.0,0,1,17.0,536.0,665.0,0,No
1,0.0,2.0,0.0,0,132.0,1,0,511.0,121354.0,176.0,0,No
1,0.0,2.0,0.0,0,126.0,1,0,230.0,2284.0,130.0,0,No
1,0.0,2.0,0.0,0,122.0,0,1,15.0,186.0,174.0,0,No
1,0.0,2.0,0.0,0,138.0,0,1,980.0,687.0,1517.0,0,No
1,0.13,0.0,0.0,0,0.0,0,1,53.0,966.0,952.0,0,No
1,0.0,2.0,0.0,0,50.0,0,1,111.0,177.0,170.0,0,No
1,0.0,2.0,0.0,0,35.0,0,0,719.0,744.0,967.0,0,No
1,0.0,2.0,0.0,0,56.0,1,0,1164.0,542073.0,674.0,0,No
1,0.18,2.0,0.0,0,9.0,0,0,497.0,5315651.0,2703.0,0,No
1,0.33,0.0,0.0,0,0.0,0,1,18.0,267.0,328.0,0,No
1,0.0,2.0,0.0,0,81.0,0,0,50.0,691.0,680.0,0,No
1,0.0,2.0,0.0,0,134.0,0,1,74.0,120.0,112.0,0,No
1,0.0,2.0,0.0,0,0.0,0,0,8.0,105.0,98.0,0,No
1,0.0,0.0,0.0,0,2.0,0,0,7389.0,890969.0,11.0,0,No
1,0.0,2.0,0.0,0,0.0,1,0,420.0,361853.0,583.0,0,No
1,0.0,2.0,0.0,0,23.0,0,0,433.0,3678.0,1359.0,0,No
1,0.0,2.0,0.0,0,138.0,1,0,156.0,92192.0,16.0,0,No
1,0.0,4.0,0.0,0,35.0,0,0,4494.0,12397719.0,8.0,0,No
1,0.0,3.0,0.0,0,93.0,0,0,751.0,380510.0,0.0,0,No
1,0.0,2.0,0.0,0,4.0,0,1,4.0,132.0,183.0,0,No
1,0.0,2.0,0.0,0,1.0,0,1,27.0,162.0,208.0,0,No
1,0.0,1.0,0.0,0,4.0,0,0,91.0,369.0,546.0,0,No
1,0.0,0.0,0.0,0,23.0,0,0,262.0,1476.0,666.0,0,No
1,0.0,3.0,0.0,0,91.0,1,0,274.0,1798.0,461.0,0,No
1,0.0,2.0,0.0,0,57.0,0,0,271.0,2118.0,1109.0,0,No
1,0.0,1.0,0.0,0,108.0,1,0,713.0,812.0,432.0,0,No
1,0.0,2.0,0.12,0,30.0,1,0,200.0,7217.0,761.0,0,No
1,0.0,0.0,0.0,0,82.0,0,0,12.0,313.0,376.0,0,No
1,0.12,1.0,0.0,0,12.0,1,0,26.0,64.0,261.0,0,No
1,0.0,2.0,0.0,0,54.0,0,0,75.0,1759.0,643.0,0,No
1,0.0,1.0,0.0,0,0.0,0,1,94.0,404.0,283.0,0,No
1,0.0,1.0,0.0,0,12.0,0,0,63.0,1843.0,598.0,0,No
1,0.12,2.0,0.0,0,0.0,0,0,69.0,320377.0,228.0,0,No
1,0.0,1.0,0.0,0,3.0,0,0,12.0,108.0,97.0,0,No
1,0.0,1.0,0.0,0,39.0,1,0,63.0,384.0,447.0,0,No
1,0.19,2.0,0.0,0,0.0,0,0,19.0,60.0,100.0,0,No
1,0.0,1.0,0.0,0,68.0,1,0,100.0,802.0,151.0,0,No
1,0.0,2.0,0.0,0,129.0,1,0,661.0,51145.0,528.0,0,No
1,0.0,2.0,0.0,0,57.0,1,0,149.0,1582.0,1882.0,0,No
1,0.0,2.0,0.0,0,64.0,0,0,22.0,223.0,266.0,0,No
1,0.0,1.0,0.0,0,42.0,0,0,400.0,18842.0,744.0,0,No
1,0.0,2.0,0.0,0,71.0,1,0,149.0,10240.0,1255.0,0,No
1,0.0,3.0,0.0,0,0.0,0,0,122.0,539.0,639.0,0,No
1,0.33,2.0,0.0,0,70.0,0,0,74.0,399.0,452.0,0,No
1,0.0,1.0,0.0,0,74.0,0,0,13.0,581.0,568.0,0,No
1,0.0,1.0,0.0,0,8.0,0,1,8.0,166.0,163.0,0,No
1,0.0,2.0,0.0,0,35.0,0,0,77.0,417.0,362.0,0,No
1,0.2,2.0,0.0,0,0.0,0,1,5.0,266.0,324.0,0,No
1,0.0,1.0,0.0,0,0.0,0,1,3.0,33.0,37.0,0,No
1,0.0,2.0,0.0,0,28.0,0,1,106.0,494.0,998.0,0,No
1,0.0,2.0,0.0,0,18.0,0,1,14.0,178.0,245.0,0,No
1,0.0,3.0,0.0,0,28.0,0,0,172.0,470.0,288.0,0,No
1,0.33,1.0,0.0,0,36.0,0,0,111.0,807.0,675.0,0,No
1,0.0,2.0,0.0,0,2.0,0,0,38.0,162.0,256.0,0,No
1,0.06,2.0,0.0,0,11.0,0,1,19.0,417.0,395.0,0,No
1,0.0,3.0,0.0,0,70.0,1,0,227.0,17303.0,360.0,0,No
1,0.0,2.0,0.0,0,29.0,0,0,221.0,1439.0,629.0,0,No
1,0.0,2.0,0.0,0,24.0,1,0,580.0,91446.0,526.0,0,No
1,0.0,3.0,0.0,0,21.0,1,0,40.0,824.0,489.0,0,No
1,0.0,1.0,0.0,0,81.0,0,0,101.0,741.0,1440.0,0,No
1,0.0,1.0,0.0,0,34.0,1,1,157.0,1267.0,899.0,0,No
1,0.0,0.0,0.0,0,40.0,0,0,197.0,4594.0,1713.0,0,No
1,0.0,1.0,0.0,0,12.0,0,0,61.0,1135.0,899.0,0,No
1,0.0,2.0,0.0,0,0.0,0,1,698.0,1926.0,1410.0,0,No
1,0.0,2.0,0.0,0,59.0,0,1,49.0,1068.0,1925.0,0,No
1,0.0,1.0,0.0,0,15.0,0,1,85.0,815.0,748.0,0,No
1,0.0,2.0,0.0,0,54.0,0,0,77.0,565.0,469.0,0,No
1,0.0,1.0,0.0,0,16.0,0,0,58.0,2556.0,1074.0,0,No
1,0.0,2.0,0.0,0,73.0,0,1,232.0,1312.0,935.0,0,No
1,0.0,1.0,0.0,0,24.0,0,0,20.0,699.0,599.0,0,No
1,0.0,0.0,0.0,0,0.0,0,0,98.0,4328.0,418.0,0,No
1,0.0,0.0,0.0,0,26.0,1,0,559.0,2487.0,999.0,0,No
1,0.0,3.0,0.0,0,0.0,0,0,189.0,673.0,438.0,0,No
1,0.0,2.0,0.0,0,0.0,0,1,388.0,730.0,413.0,0,No
1,0.0,0.0,0.0,0,0.0,0,1,28.0,59.0,55.0,0,No
1,0.0,3.0,0.0,0,0.0,0,1,156.0,289.0,222.0,0,No
1,0.0,1.0,0.0,0,28.0,0,1,6.0,19.0,20.0,0,No
1,0.0,2.0,0.0,0,55.0,1,0,69.0,3551.0,173.0,0,No
1,0.0,1.0,0.0,0,140.0,1,0,775.0,19512.0,591.0,0,No
1,0.0,0.0,0.0,0,122.0,1,0,205.0,2756.0,638.0,0,No
1,0.0,2.0,0.0,0,113.0,1,0,209.0,5406.0,589.0,0,No
1,0.0,2.0,0.0,0,38.0,0,1,334.0,459.0,390.0,0,No
1,0.0,2.0,0.0,0,0.0,0,0,9.0,218.0,75.0,0,No
1,0.0,2.0,0.0,0,23.0,0,0,6.0,796.0,1155.0,0,No
1,0.0,1.0,0.0,0,0.0,0,0,416.0,1113.0,1854.0,0,No
1,0.2,1.0,0.0,0,89.0,0,1,13.0,138.0,208.0,0,No
1,0.44,1.0,0.0,0,30.0,0,1,33.0,205.0,164.0,0,No
1,0.0,1.0,0.0,0,0.0,0,0,1.0,331.0,333.0,0,No
1,0.1,1.0,0.1,0,0.0,0,0,711.0,748.0,4659.0,0,No
1,0.0,1.0,0.0,0,0.0,0,0,114.0,490.0,1093.0,0,No
1,0.0,1.0,0.08,0,12.0,0,1,16.0,456.0,413.0,0,No
1,0.0,0.0,0.0,0,123.0,1,0,107.0,971.0,2047.0,0,No
1,0.24,1.0,0.24,0,0.0,0,0,5.0,497.0,438.0,0,No
1,0.14,2.0,0.0,0,0.0,0,1,7.0,99.0,132.0,0,No
1,0.0,0.0,0.0,0,0.0,0,1,21.0,193.0,413.0,0,No
1,0.0,2.0,0.0,0,40.0,0,0,65.0,492.0,689.0,0,No
1,0.29,2.0,0.0,0,0.0,0,0,10.0,167.0,164.0,0,No
1,0.0,2.0,0.0,0,33.0,0,1,59.0,99.0,178.0,0,No
1,0.0,0.0,0.0,0,0.0,0,1,137.0,916.0,1142.0,0,No
1,0.0,2.0,0.0,0,5.0,0,1,10.0,196.0,209.0,0,No
1,0.0,1.0,0.0,0,0.0,0,1,571.0,765.0,424.0,0,No
1,0.18,2.0,0.0,0,23.0,0,1,24.0,45.0,80.0,0,No
1,0.0,1.0,0.0,0,35.0,1,0,328.0,634.0,719.0,0,No
1,0.0,4.0,0.0,0,150.0,1,0,161.0,1383.0,7500.0,0,No
1,0.0,1.0,0.0,0,26.0,0,1,280.0,650.0,703.0,0,No
1,0.0,2.0,0.0,0,149.0,0,1,92.0,484.0,3296.0,0,No
1,0.0,3.0,0.0,0,129.0,0,0,31.0,200.0,270.0,0,No
1,0.0,2.0,0.0,0,0.0,0,0,0.0,192.0,65.0,0,No
1,0.0,0.0,0.0,0,18.0,0,1,25.0,553.0,610.0,0,No
1,0.0,2.0,0.0,0,74.0,1,0,921.0,27477.0,7202.0,0,No
1,0.0,2.0,0.0,0,0.0,1,1,1020.0,464.0,1039.0,0,No
1,0.0,1.0,0.0,0,59.0,0,0,301.0,1057.0,524.0,0,No
1,0.0,3.0,0.0,0,148.0,0,0,9.0,413.0,138.0,0,No
1,0.0,0.0,0.0,0,0.0,1,0,158.0,389.0,806.0,0,No
1,0.29,1.0,0.0,0,15.0,0,0,43.0,505.0,503.0,0,No
1,0.0,12.0,0.0,0,46.0,0,1,24.0,941.0,1208.0,0,No
1,0.0,2.0,0.0,0,5.0,0,1,60.0,2598.0,802.0,0,No
1,0.0,1.0,0.0,0,98.0,0,0,4.0,59.0,111.0,0,No
1,0.0,2.0,0.0,0,55.0,0,0,220.0,622.0,475.0,0,No
1,0.0,2.0,0.0,0,19.0,1,0,1159.0,2719.0,1061.0,0,No
1,0.36,5.0,0.0,0,71.0,0,0,8.0,216.0,305.0,0,No
1,0.22,2.0,0.0,0,133.0,0,0,396.0,881.0,375.0,0,No
1,0.08,2.0,0.0,0,150.0,1,0,38.0,870.0,72.0,0,No
1,0.0,2.0,0.0,0,43.0,0,1,1.0,265.0,371.0,0,No
1,0.15,2.0,0.0,0,37.0,0,1,2.0,1204.0,633.0,0,No
1,0.0,1.0,0.0,0,35.0,0,1,43.0,655.0,1016.0,0,No
1,0.0,2.0,0.0,0,87.0,0,0,131.0,1662.0,1065.0,0,No
1,0.14,2.0,0.0,0,59.0,0,0,7.0,14222.0,7399.0,0,No
1,0.0,2.0,0.0,0,0.0,0,0,57.0,483.0,1216.0,0,No
1,0.0,3.0,0.0,0,0.0,0,0,36.0,1204.0,2928.0,0,No
1,0.0,2.0,0.0,0,9.0,0,1,91.0,408.0,635.0,0,No
1,0.0,2.0,0.0,0,12.0,0,1,8.0,303.0,417.0,0,No
1,0.1,0.0,0.0,0,0.0,0,0,11.0,125.0,101.0,0,No
1,0.09,1.0,0.0,0,0.0,0,0,252.0,229.0,383.0,0,No
1,0.15,3.0,0.0,0,95.0,1,1,15.0,357.0,489.0,0,No
1,0.0,1.0,0.0,0,0.0,0,0,74.0,137.0,96.0,0,No
1,0.0,2.0,0.0,0,46.0,0,1,83.0,255.0,535.0,0,No
1,0.0,3.0,0.0,0,123.0,0,1,126.0,87.0,399.0,0,No
1,0.0,6.0,0.0,0,117.0,1,0,663.0,326946.0,3.0,0,No
1,0.0,1.0,0.0,0,26.0,0,1,0.0,114.0,446.0,0,No
1,0.0,0.0,0.0,0,0.0,0,1,10.0,167.0,387.0,0,No
1,0.0,2.0,0.0,0,58.0,0,1,8.0,1247.0,1196.0,0,No
1,0.0,1.0,0.0,0,0.0,0,0,24.0,585.0,1364.0,0,No
1,0.0,1.0,0.0,0,30.0,0,1,65.0,135.0,232.0,0,No
1,0.0,3.0,0.0,0,62.0,1,0,64.0,722.0,261.0,0,No
1,0.45,1.0,0.25,0,137.0,1,0,664.0,714.0,1159.0,0,No
1,0.0,2.0,0.0,0,149.0,1,0,130.0,39867.0,4664.0,0,No
0,0.0,0.0,0.0,0,14.0,0,1,131.0,533.0,1060.0,0,No
1,0.0,2.0,0.0,0,19.0,0,1,917.0,1158.0,3932.0,0,No
1,0.0,10.0,0.0,0,131.0,1,0,2.0,45834.0,280.0,0,No
1,0.0,2.0,0.0,0,0.0,0,0,142.0,876.0,529.0,0,No
1,0.09,5.0,0.0,0,5.0,0,0,165.0,3003.0,455.0,0,No
1,0.09,2.0,0.0,0,0.0,0,0,80.0,1298.0,407.0,0,No
1,0.0,2.0,0.0,0,11.0,0,1,32.0,3800.0,278.0,0,No
1,0.0,2.0,0.0,0,0.0,0,1,81.0,1358.0,127.0,0,No
1,0.0,2.0,0.0,0,27.0,1,0,334.0,6741307.0,111.0,0,No
1,0.38,2.0,0.0,0,10.0,1,0,8.0,791.0,456.0,0,No
1,0.0,2.0,0.0,0,72.0,1,0,373.0,732075.0,363.0,0,No
1,0.0,2.0,0.0,0,3.0,0,1,56.0,373.0,360.0,0,No
1,0.0,3.0,0.0,0,51.0,0,1,7.0,162.0,311.0,0,No
1,0.0,1.0,0.0,0,44.0,0,1,12.0,309.0,364.0,0,No
1,0.0,2.0,0.0,0,0.0,0,0,5.0,135.0,176.0,0,No
1,0.0,2.0,0.0,0,73.0,1,0,77.0,244.0,172.0,0,No
1,0.18,1.0,0.0,0,70.0,0,1,93.0,67.0,149.0,0,No
1,0.0,2.0,0.0,0,35.0,0,0,192.0,984.0,76.0,0,No
1,0.0,2.0,0.0,0,13.0,0,1,8.0,751.0,1223.0,0,No
1,0.0,4.0,0.25,0,105.0,0,1,145.0,781.0,529.0,0,No
1,0.0,1.0,0.33,0,91.0,0,0,135.0,1761.0,905.0,0,No
1,0.14,2.0,0.0,0,0.0,0,1,18.0,318.0,523.0,0,No
1,0.0,2.0,0.0,0,48.0,0,0,222.0,5282.0,652.0,0,No
1,0.0,2.0,0.0,0,48.0,0,0,222.0,5282.0,652.0,0,No
1,0.0,2.0,0.0,0,126.0,1,1,5.0,228.0,238.0,0,No
1,0.0,2.0,0.0,0,0.0,1,1,119.0,393.0,502.0,0,No
1,0.0,2.0,0.0,0,53.0,0,0,201.0,875.0,754.0,0,No
1,0.0,0.0,0.0,0,8.0,0,1,12.0,173.0,373.0,0,No
1,0.0,1.0,0.0,0,67.0,0,0,301.0,3896490.0,351.0,0,No
1,0.0,1.0,0.0,0,20.0,0,0,20.0,106.0,133.0,0,No
1,0.08,2.0,0.0,0,26.0,1,0,112.0,206.0,32.0,0,No
1,0.0,0.0,0.0,0,86.0,0,1,54.0,259.0,1371.0,0,No
1,0.0,1.0,0.0,0,51.0,0,1,98.0,1013.0,996.0,0,No
1,0.11,4.0,0.0,0,26.0,1,0,16.0,738.0,544.0,0,No
1,0.0,0.0,0.0,0,18.0,0,1,133.0,1008.0,517.0,0,No
1,0.0,2.0,0.0,0,96.0,1,0,142.0,2441.0,396.0,0,No
1,0.0,2.0,0.0,0,17.0,0,0,63.0,416.0,292.0,0,No
1,0.0,2.0,0.0,0,0.0,0,1,70.0,516.0,463.0,0,No
1,0.0,2.0,0.0,0,62.0,1,0,403.0,8711.0,345.0,0,No
1,0.0,2.0,0.0,0,86.0,0,0,15.0,433.0,584.0,0,No
1,0.0,2.0,0.0,0,148.0,1,0,990.0,18515.0,1000.0,0,No
1,0.0,2.0,0.0,0,1.0,0,1,12.0,70.0,67.0,0,No
1,0.22,3.0,0.0,0,39.0,0,0,26.0,5863.0,157.0,0,No
1,0.36,2.0,0.0,0,35.0,0,0,2.0,1677.0,716.0,0,No
1,0.0,0.0,0.0,0,103.0,0,0,24.0,617.0,272.0,0,No
1,0.0,2.0,0.0,0,0.0,1,0,411.0,31182.0,414.0,0,No
1,0.0,2.0,0.0,0,61.0,0,1,217.0,1152.0,292.0,0,No
1,0.15,1.0,0.0,0,44.0,0,0,156.0,8578.0,164.0,0,No
1,0.0,1.0,0.0,0,0.0,0,0,389.0,4347.0,748.0,0,No
1,0.0,1.0,0.0,0,0.0,0,1,8.0,319.0,335.0,0,No
1,0.0,1.0,0.0,0,0.0,0,1,3.0,189.0,177.0,0,No
1,0.0,1.0,0.0,0,112.0,0,1,22.0,743.0,331.0,0,No
1,0.18,1.0,0.0,0,123.0,0,0,59.0,11204.0,124.0,0,No
1,0.0,3.0,0.0,0,24.0,0,1,144.0,419.0,271.0,0,No
1,0.0,2.0,0.0,0,34.0,0,0,2.0,81.0,268.0,0,No
1,0.0,1.0,0.0,0,19.0,0,0,78.0,947.0,582.0,0,No
1,0.0,2.0,0.0,0,0.0,0,0,28.0,206.0,333.0,0,No
1,0.0,2.0,0.0,0,42.0,0,0,111.0,541.0,701.0,0,No
1,0.18,3.0,0.0,0,50.0,0,0,6.0,392.0,237.0,0,No
1,0.22,5.0,0.0,0,67.0,0,0,4.0,4177.0,3678.0,0,No
1,0.17,2.0,0.0,0,134.0,1,0,31.0,265.0,321.0,0,No
1,0.0,2.0,0.0,0,101.0,0,0,86.0,272.0,1486.0,0,No
1,0.0,2.0,0.0,0,0.0,0,0,240.0,425.0,917.0,0,No
1,0.0,3.0,0.0,0,0.0,0,1,11.0,150.0,178.0,0,No
1,0.0,2.0,0.0,0,17.0,0,1,44.0,711.0,673.0,0,No
1,0.0,2.0,0.0,0,0.0,0,1,9.0,89.0,121.0,0,No
1,0.0,2.0,0.0,0,32.0,0,1,62.0,742.0,653.0,0,No
1,0.0,2.0,0.0,0,0.0,0,0,0.0,96.0,50.0,0,No
1,0.0,1.0,0.0,1,80.0,1,1,15.0,77.0,107.0,0,No
1,0.0,2.0,0.0,0,2.0,0,1,53.0,195.0,395.0,0,No
1,0.0,2.0,0.0,0,0.0,0,1,2.0,9.0,13.0,0,No
1,0.0,1.0,0.0,0,146.0,1,0,52.0,10794.0,3164.0,0,No
1,0.19,0.0,0.0,0,0.0,0,0,1.0,104.0,15.0,0,No
1,0.0,0.0,0.0,0,0.0,1,1,62.0,318.0,569.0,0,No
1,0.18,1.0,0.0,0,0.0,0,0,247.0,355.0,137.0,0,No
1,0.31,1.0,0.0,0,0.0,0,1,9.0,99.0,488.0,0,No
1,0.0,0.0,0.0,0,6.0,0,0,13.0,300.0,372.0,0,No
1,0.15,1.0,0.0,0,0.0,0,0,204.0,139.0,61.0,0,No
1,0.0,2.0,0.0,0,0.0,0,1,0.0,13.0,77.0,0,No
1,0.22,1.0,0.14,0,0.0,0,1,51.0,606.0,430.0,0,No
1,0.0,1.0,0.0,0,64.0,0,0,15.0,428.0,333.0,0,No
1,0.0,1.0,0.0,0,0.0,0,0,108.0,494.0,545.0,0,No
1,0.24,0.0,0.0,0,0.0,0,1,353.0,1261.0,2187.0,0,No
1,0.0,1.0,0.0,0,0.0,0,1,5.0,68.0,87.0,0,No
1,0.0,2.0,0.0,0,49.0,1,0,560.0,205558.0,53.0,0,No
1,0.0,2.0,0.0,0,23.0,0,0,85.0,668.0,609.0,0,No
1,0.0,2.0,0.0,0,120.0,1,0,95.0,1456.0,555.0,0,No
1,0.14,2.0,0.0,0,34.0,0,0,14.0,410.0,387.0,0,No
1,0.0,3.0,0.0,0,25.0,0,1,52.0,298.0,555.0,0,No
1,0.0,2.0,0.0,0,0.0,0,1,7.0,254.0,345.0,0,No
1,0.0,2.0,0.0,0,12.0,0,0,197.0,1070.0,1072.0,0,No
1,0.17,2.0,0.0,0,0.0,0,1,89.0,1167.0,618.0,0,No
1,0.0,2.0,0.0,0,9.0,0,1,34.0,335.0,300.0,0,No
1,0.08,2.0,0.0,0,1.0,0,0,283.0,346.0,426.0,0,No
1,0.0,2.0,0.0,0,18.0,0,1,65.0,1746.0,1631.0,0,No
1,0.0,2.0,0.0,0,34.0,0,1,126.0,268.0,370.0,0,No
1,0.0,3.0,0.0,0,23.0,0,1,327.0,537.0,1002.0,0,No
1,0.0,1.0,0.0,0,19.0,0,1,42.0,805.0,488.0,0,No
1,0.0,2.0,0.0,0,139.0,0,0,36.0,1504.0,52.0,0,No
1,0.0,2.0,0.0,0,13.0,0,1,3.0,104.0,119.0,0,No
1,0.0,2.0,0.0,0,50.0,0,0,53.0,380.0,462.0,0,No
1,0.0,3.0,0.0,0,46.0,1,1,7.0,257.0,346.0,0,No
1,0.0,1.0,0.0,0,30.0,0,1,103.0,1775.0,7500.0,0,No
1,0.3,2.0,0.0,0,26.0,0,1,241.0,1456.0,1200.0,0,No
1,0.0,0.0,0.0,0,0.0,0,1,103.0,265.0,264.0,0,No
1,0.0,1.0,0.0,0,0.0,0,1,93.0,1051.0,694.0,0,No
1,0.11,1.0,0.0,0,0.0,0,0,1.0,77.0,34.0,0,No
0,0.0,1.0,0.0,0,27.0,0,1,16.0,220.0,323.0,0,No
1,0.07,2.0,0.0,0,37.0,1,1,32.0,178.0,81.0,0,No
1,0.0,1.0,0.0,0,31.0,0,1,1232.0,728.0,1213.0,0,No
1,0.0,1.0,0.0,0,20.0,0,1,75.0,668.0,294.0,0,No
1,0.0,2.0,0.0,0,7.0,0,0,5.0,406.0,408.0,0,No
1,0.0,2.0,0.0,0,0.0,0,0,3.0,37.0,22.0,0,No
1,0.0,2.0,0.0,0,0.0,0,1,30.0,56.0,114.0,0,No
0,0.22,1.0,0.0,0,0.0,0,0,0.0,90.0,333.0,1,No
0,0.38,1.0,0.0,0,0.0,0,0,0.0,60.0,31.0,1,No
0,0.43,1.0,0.0,0,0.0,0,1,2.0,271.0,445.0,1,No
1,0.0,0.0,0.0,0,0.0,0,1,3.0,1.0,80.0,1,No
1,0.5,3.0,0.0,0,24.0,0,1,13.0,158.0,309.0,1,No
0,0.31,2.0,0.0,0,0.0,0,0,0.0,39.0,64.0,1,No
0,0.22,1.0,0.22,0,43.0,0,1,1.0,0.0,11.0,1,No
0,0.0,1.0,0.0,0,0.0,0,1,0.0,0.0,853.0,1,No
1,0.25,1.0,0.0,0,0.0,0,1,10.0,0.0,23.0,1,No
0,0.0,2.0,0.0,0,0.0,0,0,0.0,12.0,5.0,1,No
0,0.33,1.0,0.0,0,0.0,0,0,0.0,10.0,18.0,1,No
0,0.33,1.0,0.0,0,0.0,0,1,0.0,1.0,34.0,1,No
0,0.0,1.0,0.0,0,0.0,0,0,0.0,1.0,8.0,1,No
0,0.0,0.0,0.0,0,0.0,0,1,0.0,0.0,0.0,1,No
0,0.12,1.0,0.0,0,0.0,0,1,0.0,31.0,213.0,1,No
0,0.18,1.0,0.0,0,0.0,0,1,0.0,5.0,10.0,1,No
0,0.5,1.0,0.0,0,0.0,0,1,5.0,18.0,58.0,1,No
1,0.5,1.0,0.0,0,0.0,0,1,0.0,12.0,77.0,1,No
0,0.5,1.0,0.0,0,0.0,0,1,0.0,6.0,37.0,1,No
1,0.57,1.0,0.0,0,0.0,0,0,0.0,47.0,10.0,1,No
0,0.45,3.0,0.0,0,0.0,0,0,0.0,33.0,4.0,1,No
0,0.5,1.0,0.0,0,0.0,0,1,141.0,4.0,279.0,1,No
0,0.57,1.0,0.0,0,0.0,0,1,6.0,5.0,15.0,1,No
1,0.0,1.0,0.0,0,0.0,0,1,1.0,0.0,44.0,1,No
0,0.44,1.0,0.43,0,0.0,0,1,0.0,5.0,17.0,1,No
0,0.0,1.0,0.0,0,0.0,0,1,1.0,107.0,42.0,1,No
1,0.88,1.0,0.0,0,0.0,0,1,39.0,8.0,60.0,1,No
0,0.0,1.0,0.0,0,0.0,0,0,0.0,48.0,6.0,1,No
0,0.22,0.0,0.0,0,0.0,0,1,9.0,2.0,215.0,1,No
0,0.0,2.0,0.0,0,0.0,0,1,0.0,51.0,126.0,1,No
1,0.0,1.0,0.0,0,43.0,0,1,21.0,5.0,48.0,1,No
0,0.0,1.0,0.0,0,0.0,0,1,0.0,0.0,802.0,1,No
0,0.55,1.0,0.0,0,0.0,0,0,0.0,26.0,46.0,1,No
0,0.07,1.0,0.0,0,0.0,0,1,0.0,0.0,601.0,1,No
1,0.8,1.0,0.0,0,13.0,0,1,3.0,76.0,168.0,1,No
0,0.0,1.0,0.4,0,0.0,0,1,0.0,165.0,689.0,1,No
0,0.0,1.0,0.0,0,0.0,0,0,0.0,115.0,230.0,1,No
0,0.31,1.0,0.36,0,0.0,0,0,0.0,6.0,15.0,1,No
0,0.4,1.0,0.0,0,0.0,0,0,0.0,24.0,49.0,1,No
0,0.33,1.0,0.0,0,0.0,0,1,0.0,40.0,236.0,1,No
0,0.0,1.0,0.0,0,0.0,0,1,6.0,32.0,52.0,1,No
0,0.33,1.0,0.33,1,0.0,0,1,0.0,0.0,35.0,1,No
0,0.36,1.0,0.0,0,0.0,0,0,0.0,21.0,44.0,1,No
1,0.55,1.0,0.29,0,0.0,0,1,1.0,79.0,767.0,1,No
1,0.41,1.0,0.0,0,0.0,0,1,4.0,8.0,37.0,1,No
1,0.43,0.0,0.0,0,0.0,0,0,0.0,49.0,79.0,1,No
0,0.11,1.0,0.11,1,0.0,0,1,0.0,31.0,91.0,1,No
1,0.0,1.0,0.0,1,0.0,0,1,0.0,15.0,41.0,1,No
1,0.25,1.0,0.0,0,0.0,0,0,0.0,4.0,3.0,1,No
1,0.44,1.0,0.0,0,0.0,0,1,0.0,0.0,229.0,1,No
1,0.3,0.0,0.0,0,0.0,0,1,17.0,316.0,1165.0,1,No
0,0.1,1.0,0.0,0,0.0,0,1,0.0,0.0,0.0,1,No
0,0.0,1.0,0.0,0,0.0,0,0,1.0,3.0,1.0,1,No
0,0.0,2.0,0.0,0,0.0,0,0,0.0,2.0,30.0,1,No
1,0.29,2.0,0.0,0,9.0,0,1,7.0,221.0,244.0,1,No
0,0.0,1.0,0.0,0,0.0,0,0,13.0,181.0,935.0,1,No
0,0.0,2.0,0.0,0,0.0,0,1,0.0,9.0,167.0,1,No
0,0.67,1.0,0.0,0,0.0,0,0,0.0,2.0,0.0,1,No
1,0.31,1.0,0.31,1,0.0,0,1,0.0,25.0,86.0,1,No
1,0.0,3.0,0.0,0,18.0,0,0,5.0,26.0,129.0,1,No
1,0.89,1.0,0.89,0,0.0,0,1,124.0,15.0,305.0,1,No
1,0.0,1.0,0.0,0,10.0,0,0,9.0,59.0,48.0,1,No
0,0.2,1.0,0.2,1,61.0,0,1,5.0,7.0,47.0,1,No
0,0.12,1.0,0.0,0,0.0,0,1,2.0,40.0,179.0,1,No
0,0.0,1.0,0.0,0,0.0,0,0,0.0,51.0,41.0,1,No
1,0.0,5.0,0.0,0,0.0,0,0,150.0,133.0,750.0,1,No
1,0.0,0.0,0.0,0,0.0,0,1,29.0,25.0,39.0,1,No
1,0.18,1.0,0.0,0,0.0,0,1,108.0,864.0,3646.0,1,No
1,0.0,0.0,0.0,0,0.0,0,0,77.0,73.0,35.0,1,No
1,0.38,1.0,0.4,0,0.0,0,1,3.0,184.0,170.0,1,No
1,0.43,1.0,0.0,0,0.0,0,1,7.0,161.0,333.0,1,No
1,0.22,1.0,0.22,1,0.0,0,1,3.0,42.0,694.0,1,No
1,0.0,1.0,0.0,0,22.0,0,1,131.0,279.0,1124.0,1,No
1,0.0,1.0,0.0,0,0.0,0,0,40.0,219.0,155.0,1,No
1,0.24,1.0,0.24,1,0.0,0,1,4.0,18.0,106.0,1,No
1,0.44,1.0,0.0,0,0.0,0,1,84.0,106.0,171.0,1,No
1,0.5,0.0,0.0,0,2.0,0,1,299.0,34.0,108.0,1,No
0,0.0,1.0,0.0,0,0.0,0,0,11.0,42.0,26.0,1,No
1,0.16,0.0,0.0,0,146.0,0,1,0.0,1.0,13.0,1,No
0,0.89,0.0,0.0,0,0.0,0,1,0.0,38.0,68.0,1,No
1,0.58,1.0,0.36,0,6.0,0,1,1.0,34.0,44.0,1,No
1,0.29,1.0,0.0,0,50.0,0,1,4.0,23.0,151.0,1,No
1,0.3,1.0,0.0,0,0.0,0,1,0.0,23.0,37.0,1,No
0,0.5,2.0,0.0,0,0.0,0,0,0.0,83.0,139.0,1,No
0,0.4,1.0,0.0,0,0.0,0,0,0.0,25.0,28.0,1,No
1,0.0,0.0,0.0,0,39.0,0,1,3.0,13.0,38.0,1,No
0,0.25,1.0,0.0,0,0.0,0,0,0.0,64.0,60.0,1,No
0,0.36,1.0,0.0,0,0.0,0,0,0.0,90.0,69.0,1,No
0,0.33,2.0,0.0,0,0.0,0,0,0.0,82.0,6.0,1,No
0,0.0,0.0,0.0,0,0.0,0,0,0.0,140.0,319.0,1,No
0,0.36,1.0,0.0,0,0.0,0,1,0.0,0.0,29.0,1,No
1,0.3,1.0,0.0,0,5.0,0,1,1.0,51.0,420.0,1,No
1,0.12,1.0,0.0,0,91.0,0,0,7.0,38.0,87.0,1,No
0,0.33,1.0,0.38,0,2.0,0,1,3.0,21.0,733.0,1,No
1,0.38,1.0,0.0,0,0.0,0,1,0.0,5.0,121.0,1,No
1,0.4,1.0,0.0,0,0.0,0,1,0.0,21.0,45.0,1,No
0,0.57,0.0,0.0,0,0.0,0,1,5.0,124.0,249.0,1,No
0,0.22,1.0,0.0,0,0.0,0,1,0.0,5.0,56.0,1,No
1,0.38,1.0,0.0,0,37.0,0,1,1.0,2.0,16.0,1,No
0,0.64,2.0,0.0,0,0.0,0,0,0.0,42.0,46.0,1,No
1,0.33,1.0,0.33,0,0.0,0,1,12.0,48.0,45.0,1,No
0,0.31,1.0,0.31,1,0.0,0,0,0.0,32.0,25.0,1,No
0,0.0,1.0,0.0,0,0.0,0,1,0.0,0.0,71.0,1,No
0,0.25,1.0,0.0,0,0.0,0,0,0.0,0.0,0.0,1,No
1,0.12,1.0,0.0,0,0.0,0,1,1.0,10.0,104.0,1,No
1,0.38,1.0,0.0,0,0.0,0,1,92.0,19.0,31.0,1,No
0,0.31,1.0,0.0,0,0.0,0,1,0.0,138.0,99.0,1,No
0,0.2,0.0,0.0,0,0.0,0,1,0.0,11.0,157.0,1,No
0,0.0,1.0,0.0,0,0.0,0,1,0.0,1.0,64.0,1,No
0,0.42,1.0,0.0,0,0.0,0,0,0.0,39.0,40.0,1,No
1,0.0,0.0,0.0,0,148.0,0,0,21.0,446.0,1762.0,1,No
1,0.57,1.0,0.0,0,0.0,0,1,7.0,9.0,82.0,1,No
0,0.0,0.0,0.0,0,0.0,0,0,9.0,589.0,2980.0,1,No
0,0.06,1.0,0.0,0,0.0,0,0,0.0,27.0,63.0,1,No
1,0.0,2.0,0.0,0,0.0,0,0,14.0,143.0,500.0,1,No
0,0.0,2.0,0.0,0,0.0,0,1,0.0,0.0,177.0,1,No
0,0.0,3.0,0.0,0,0.0,0,1,0.0,0.0,130.0,1,No
0,0.21,1.0,0.0,0,0.0,0,0,3.0,124.0,135.0,1,No
1,0.07,0.0,0.0,0,0.0,0,1,0.0,12.0,192.0,1,No
0,0.42,1.0,0.0,0,0.0,0,0,0.0,16.0,36.0,1,No
0,0.21,1.0,0.0,0,0.0,0,0,1.0,1.0,2.0,1,No
0,0.38,1.0,0.0,0,0.0,0,0,1.0,120.0,181.0,1,No
0,0.0,2.0,0.0,0,0.0,0,1,0.0,0.0,71.0,1,No
0,0.0,1.0,0.0,0,0.0,0,0,1.0,26.0,8.0,1,No
1,0.14,3.0,0.0,0,0.0,0,0,0.0,57.0,167.0,1,No
0,0.15,2.0,0.0,0,0.0,0,0,1.0,13.0,22.0,1,No
1,0.0,4.0,0.0,0,149.0,0,0,28.0,1031.0,208.0,1,No
1,0.18,1.0,0.0,0,0.0,0,0,0.0,42.0,146.0,1,No
1,0.33,2.0,0.0,0,0.0,0,0,25.0,70.0,64.0,1,No
1,0.18,1.0,0.0,0,0.0,0,1,0.0,0.0,8.0,1,No
1,0.3,1.0,0.0,0,0.0,0,0,0.0,46.0,92.0,1,No
1,0.43,2.0,0.0,0,0.0,0,0,111.0,834.0,4118.0,1,No
0,0.0,2.0,0.0,0,22.0,0,1,2.0,389.0,392.0,1,No
1,0.33,0.0,0.0,0,0.0,0,0,0.0,43.0,221.0,1,No
0,0.33,1.0,0.0,0,0.0,0,1,0.0,23.0,40.0,1,No
0,0.0,1.0,0.0,0,0.0,0,1,0.0,5.0,82.0,1,No
0,0.71,0.0,0.0,0,0.0,0,1,0.0,4.0,25.0,1,No
0,0.5,1.0,0.0,0,0.0,0,0,0.0,17.0,44.0,1,No
1,0.25,1.0,0.0,0,2.0,0,1,5.0,182.0,227.0,1,No
1,0.33,1.0,0.0,0,0.0,0,0,10.0,108.0,304.0,1,No
0,0.5,1.0,0.33,0,0.0,0,0,3.0,43.0,123.0,1,No
0,0.29,1.0,0.0,0,0.0,0,0,19.0,77.0,8.0,1,No
0,0.09,1.0,0.0,0,0.0,0,0,0.0,32.0,87.0,1,No
0,0.25,1.0,0.0,0,0.0,0,1,0.0,0.0,11.0,1,No
1,0.13,1.0,0.0,0,0.0,0,1,8.0,40.0,66.0,1,No
0,0.33,1.0,0.33,1,20.0,0,0,2.0,53.0,303.0,1,No
1,0.14,2.0,0.0,0,0.0,0,0,10.0,67.0,90.0,1,No
1,0.0,3.0,0.0,0,0.0,0,0,29.0,122.0,336.0,1,No
0,0.0,2.0,0.0,0,0.0,0,0,0.0,18.0,49.0,1,No
0,0.4,1.0,0.0,0,0.0,0,1,0.0,24.0,88.0,1,No
1,0.0,1.0,0.0,0,0.0,0,0,2.0,35.0,136.0,1,No
1,0.4,1.0,0.4,1,0.0,0,1,3.0,119.0,151.0,1,No
1,0.1,1.0,0.0,0,0.0,0,1,5.0,6.0,24.0,1,No
0,0.43,1.0,0.4,0,0.0,0,0,0.0,34.0,26.0,1,No
1,0.0,3.0,0.0,0,148.0,0,0,63.0,272.0,295.0,1,No
1,0.44,2.0,0.0,0,0.0,0,0,1.0,53.0,137.0,1,No
1,0.33,0.0,0.0,0,50.0,0,1,4.0,818.0,618.0,1,No
1,0.0,3.0,0.0,0,0.0,0,0,34.0,82.0,74.0,1,No
1,0.38,2.0,0.0,0,2.0,0,0,0.0,40.0,233.0,1,No
1,0.4,0.0,0.0,0,0.0,0,1,0.0,21.0,76.0,1,No
1,0.33,1.0,0.0,0,0.0,0,0,6.0,59.0,38.0,1,No
1,0.12,1.0,0.0,0,0.0,0,0,2.0,102.0,109.0,1,No
1,0.29,0.0,0.0,0,0.0,0,1,7.0,576.0,474.0,1,No
0,0.57,2.0,0.4,0,0.0,0,0,0.0,19.0,16.0,1,No
1,0.0,0.0,0.0,0,0.0,0,1,0.0,66.0,161.0,1,No
1,0.0,1.0,0.0,0,0.0,0,1,5.0,310.0,894.0,1,No
1,0.0,1.0,0.0,1,34.0,0,1,0.0,16.0,17.0,1,No
0,0.0,1.0,0.0,0,0.0,0,0,0.0,15.0,4.0,1,No
1,0.07,1.0,0.0,0,0.0,0,1,0.0,47.0,98.0,1,No
1,0.0,1.0,0.0,1,0.0,0,0,4.0,88.0,61.0,1,No
1,0.27,1.0,0.0,0,0.0,0,1,1.0,51.0,59.0,1,No
1,0.0,2.0,0.0,0,0.0,0,0,26.0,505.0,2330.0,1,No
1,0.36,1.0,0.0,0,0.0,0,0,9.0,159.0,433.0,1,No
1,0.29,1.0,0.33,0,0.0,0,1,4.0,77.0,1269.0,1,No
1,0.83,1.0,0.0,0,32.0,0,0,4.0,61.0,76.0,1,No
0,0.67,1.0,0.0,0,0.0,0,1,0.0,7.0,14.0,1,No
1,0.38,1.0,0.33,0,0.0,0,1,0.0,11.0,60.0,1,No
0,0.58,1.0,0.0,0,0.0,0,0,0.0,49.0,22.0,1,No
0,0.0,1.0,0.0,0,0.0,0,0,0.0,15.0,595.0,1,No
1,0.2,2.0,0.0,0,0.0,0,0,1.0,1.0,9.0,1,No
0,0.0,1.0,0.0,0,0.0,0,0,0.0,17.0,1.0,1,No
0,0.29,2.0,0.0,0,0.0,0,0,0.0,15.0,1.0,1,No
1,0.25,1.0,0.0,0,59.0,0,0,28.0,358.0,1990.0,1,No
0,0.25,1.0,0.0,0,0.0,0,0,0.0,20.0,7.0,1,No
0,0.0,1.0,0.0,0,6.0,0,0,1.0,50.0,32.0,1,No
0,0.0,1.0,0.0,0,0.0,0,0,0.0,57.0,76.0,1,No
0,0.31,1.0,0.0,0,0.0,0,0,2.0,12.0,15.0,1,No
1,0.67,1.0,0.0,0,0.0,0,0,2.0,218.0,792.0,1,No
0,0.33,1.0,0.25,0,0.0,0,0,9.0,78.0,98.0,1,No
0,0.47,1.0,0.0,0,0.0,0,0,1.0,16.0,23.0,1,No
0,0.36,1.0,0.0,0,0.0,0,0,8.0,39.0,17.0,1,No
0,0.0,1.0,0.0,0,0.0,0,0,0.0,15.0,1.0,1,No
0,0.4,0.0,0.0,0,0.0,0,0,0.0,30.0,48.0,1,No
0,0.33,1.0,0.0,0,0.0,0,0,0.0,85.0,638.0,1,No
0,0.33,1.0,0.0,0,0.0,0,0,0.0,77.0,747.0,1,No
0,0.55,2.0,0.0,0,0.0,0,0,0.0,49.0,82.0,1,No
0,0.27,1.0,0.27,1,0.0,0,0,0.0,16.0,24.0,1,No
0,0.44,1.0,0.0,0,0.0,0,0,0.0,8.0,6.0,1,No
0,0.44,1.0,0.0,0,0.0,0,0,2.0,34.0,22.0,1,No
0,0.47,1.0,0.0,0,0.0,0,0,2.0,45.0,83.0,1,No
0,0.33,1.0,0.0,0,0.0,0,0,0.0,49.0,0.0,1,No
0,0.0,2.0,0.0,0,0.0,0,0,0.0,15.0,5.0,1,No
0,0.25,1.0,0.0,0,0.0,0,0,0.0,92.0,403.0,1,No
1,0.91,1.0,0.0,0,0.0,0,0,0.0,75.0,26.0,1,No
0,0.44,1.0,0.0,0,0.0,0,0,0.0,10.0,0.0,1,No
1,0.12,1.0,0.0,0,1.0,0,0,0.0,23.0,26.0,1,No
0,0.2,1.0,0.0,0,0.0,0,0,0.0,22.0,11.0,1,No
0,0.24,2.0,0.0,0,0.0,0,0,0.0,55.0,46.0,1,No
0,0.27,1.0,0.0,0,0.0,0,0,0.0,16.0,0.0,1,No
0,0.25,1.0,0.0,0,0.0,0,0,0.0,7.0,20.0,1,No
0,0.28,1.0,0.24,0,0.0,0,0,0.0,86.0,0.0,1,No
0,0.38,1.0,0.0,0,0.0,0,0,0.0,3.0,11.0,1,No
0,0.57,2.0,0.0,0,0.0,0,0,0.0,12.0,30.0,1,No
1,0.44,1.0,0.0,0,0.0,0,0,1.0,14.0,56.0,1,No
0,0.47,1.0,0.0,0,0.0,0,0,0.0,24.0,22.0,1,No
0,0.0,2.0,0.0,0,0.0,0,0,0.0,52.0,1.0,1,No
0,0.44,1.0,0.0,0,0.0,0,0,1.0,16.0,27.0,1,No
0,0.44,1.0,0.0,0,0.0,0,0,4.0,17.0,20.0,1,No
0,0.57,2.0,0.0,0,0.0,0,0,0.0,50.0,49.0,1,No
0,0.54,1.0,0.0,0,0.0,0,0,5.0,136.0,1029.0,1,No
1,0.43,1.0,0.0,0,0.0,0,0,10.0,178.0,1417.0,1,No
0,0.89,0.0,0.0,0,0.0,0,0,1.0,50.0,39.0,1,No
1,0.38,1.0,0.0,0,0.0,0,0,2.0,207.0,2426.0,1,No
0,0.36,1.0,0.0,0,0.0,0,1,0.0,178.0,828.0,1,No
0,0.0,1.0,0.0,1,0.0,0,0,0.0,16.0,26.0,1,No
0,0.14,1.0,0.0,0,0.0,0,0,0.0,49.0,2.0,1,No
0,0.2,1.0,0.33,0,0.0,0,0,2.0,49.0,12.0,1,No
0,0.1,0.0,0.0,0,0.0,0,0,0.0,37.0,4.0,1,No
0,0.5,1.0,0.4,0,0.0,0,0,0.0,21.0,0.0,1,No
1,0.58,1.0,0.44,0,0.0,0,0,21.0,356.0,2176.0,1,No
0,0.44,2.0,0.0,0,0.0,0,0,0.0,46.0,4.0,1,No
0,0.22,1.0,0.33,0,0.0,0,0,0.0,49.0,0.0,1,No
0,0.0,1.0,0.0,0,0.0,0,0,0.0,49.0,58.0,1,No
0,0.0,1.0,0.0,0,0.0,0,0,0.0,44.0,45.0,1,No
0,0.13,2.0,0.0,0,0.0,0,0,0.0,42.0,240.0,1,No
0,0.38,1.0,0.33,0,0.0,0,0,0.0,47.0,9.0,1,No
0,0.1,2.0,0.0,0,0.0,0,0,0.0,48.0,1.0,1,No
1,0.91,1.0,0.0,0,0.0,0,0,0.0,75.0,26.0,1,No
0,0.08,1.0,0.0,0,0.0,0,0,0.0,115.0,289.0,1,No
0,0.88,1.0,1.0,0,0.0,0,0,5.0,53.0,66.0,1,No
0,0.67,1.0,0.0,0,0.0,0,0,0.0,32.0,23.0,1,No
0,0.44,1.0,0.0,0,0.0,0,0,0.0,39.0,153.0,1,No
0,0.18,1.0,0.0,0,0.0,0,0,0.0,3033.0,1155.0,1,No
0,0.25,1.0,0.0,0,0.0,0,0,0.0,3003.0,825.0,1,No
0,0.88,1.0,1.0,0,0.0,0,0,1.0,34.0,36.0,1,No
0,0.36,1.0,0.0,0,0.0,0,0,37.0,218.0,1528.0,1,No
1,0.33,2.0,0.22,0,0.0,0,0,8.0,210.0,1543.0,1,No
1,0.2,2.0,0.0,0,19.0,0,0,4.0,1489.0,3715.0,1,No
0,0.5,1.0,0.5,1,0.0,0,0,0.0,10.0,2.0,1,No
0,0.33,1.0,0.0,0,0.0,0,0,28.0,201.0,812.0,1,No
0,0.0,2.0,0.0,0,0.0,0,0,0.0,351.0,2663.0,1,No
0,0.43,1.0,0.0,0,0.0,0,0,0.0,52.0,16.0,1,No
0,0.25,1.0,0.18,0,0.0,0,0,6.0,156.0,423.0,1,No
0,0.43,2.0,0.0,0,0.0,0,0,12.0,85.0,477.0,1,No
0,0.24,1.0,0.0,0,0.0,0,0,0.0,35.0,38.0,1,No
0,0.44,1.0,0.0,0,0.0,0,0,0.0,55.0,28.0,1,No
0,0.27,2.0,0.0,0,43.0,0,1,0.0,16.0,51.0,1,No
0,0.38,1.0,0.0,0,0.0,0,0,0.0,43.0,88.0,1,No
0,0.4,1.0,0.0,0,0.0,0,0,2.0,97.0,408.0,1,No
0,0.57,1.0,0.57,1,0.0,0,0,2.0,34.0,112.0,1,No
0,0.0,1.0,0.0,1,0.0,0,0,0.0,2346.0,7272.0,1,No
0,0.25,1.0,0.0,0,0.0,0,0,0.0,49.0,95.0,1,No
1,0.19,0.0,0.0,0,0.0,0,1,2.0,2.0,55.0,1,No
0,0.46,1.0,0.46,1,0.0,0,0,2.0,40.0,19.0,1,No
0,0.46,1.0,0.0,0,0.0,0,1,0.0,332.0,1333.0,1,No
0,0.73,1.0,0.0,0,0.0,0,0,0.0,14.0,542.0,1,No
1,0.6,1.0,0.5,0,0.0,0,0,12.0,65.0,162.0,1,No
1,0.46,1.0,0.5,0,0.0,0,0,1.0,20.0,52.0,1,No
0,0.31,1.0,0.31,1,0.0,0,0,0.0,26.0,27.0,1,No
1,0.43,1.0,0.43,0,0.0,0,0,0.0,72.0,434.0,1,No
1,0.0,1.0,0.0,0,0.0,0,0,1.0,55.0,2.0,1,No
1,0.5,1.0,0.4,0,33.0,0,0,12.0,77.0,108.0,1,No
1,0.0,4.0,0.25,0,0.0,0,1,59.0,31.0,215.0,1,No
0,0.86,2.0,0.18,0,0.0,0,0,0.0,57.0,130.0,1,No
0,0.62,1.0,0.0,0,0.0,0,1,0.0,58.0,347.0,1,No
1,0.33,2.0,0.0,0,0.0,0,0,23.0,47.0,139.0,1,No
1,0.16,1.0,0.12,0,43.0,0,0,3.0,31.0,37.0,1,No
1,0.92,1.0,1.0,0,0.0,0,0,11.0,96.0,242.0,1,No
1,0.27,1.0,0.0,0,19.0,0,0,8.0,126.0,860.0,1,No
1,0.25,1.0,0.0,0,0.0,0,1,102.0,39.0,229.0,1,No
1,0.43,1.0,0.0,0,5.0,0,0,6.0,66.0,161.0,1,No
1,0.31,3.0,0.0,0,0.0,0,0,25.0,87.0,698.0,1,No
1,0.2,1.0,0.0,0,28.0,0,0,0.0,15.0,64.0,1,No
1,0.55,1.0,0.44,0,0.0,0,0,33.0,166.0,596.0,1,No
1,0.38,1.0,0.33,0,21.0,0,0,44.0,66.0,75.0,1,No
1,0.57,2.0,0.0,0,0.0,0,0,4.0,96.0,339.0,1,No
1,0.57,1.0,0.0,0,11.0,0,0,0.0,57.0,73.0,1,No
1,0.27,1.0,0.0,0,0.0,0,0,2.0,150.0,487.0,1,No
1,0.33,1.0,0.33,1,30.0,0,1,35.0,488.0,604.0,0,No
1,0.0,5.0,0.0,0,64.0,0,1,3.0,35.0,6.0,0,No
1,0.0,2.0,0.0,0,82.0,0,1,319.0,328.0,668.0,0,No
1,0.0,1.0,0.0,0,143.0,0,1,273.0,14890.0,7369.0,0,No
1,0.5,1.0,0.0,0,76.0,0,1,6.0,225.0,356.0,0,No
1,0.0,1.0,0.0,0,0.0,0,1,6.0,362.0,424.0,0,No
1,0.0,1.0,0.0,0,132.0,0,1,9.0,213.0,254.0,0,No
1,0.0,2.0,0.0,0,0.0,0,1,19.0,552.0,521.0,0,No
1,0.0,2.0,0.0,0,96.0,0,1,17.0,122.0,143.0,0,No
1,0.0,1.0,0.0,0,78.0,0,1,9.0,834.0,358.0,0,No
1,0.0,1.0,0.0,0,0.0,0,1,53.0,229.0,492.0,0,No
1,0.14,1.0,0.0,0,78.0,1,1,97.0,1913.0,436.0,0,No
1,0.14,2.0,0.0,0,61.0,0,1,17.0,200.0,437.0,0,No
1,0.33,2.0,0.0,0,45.0,0,1,8.0,130.0,622.0,0,No
1,0.1,2.0,0.0,0,43.0,0,0,60.0,192.0,141.0,0,No
1,0.0,2.0,0.0,0,56.0,0,1,51.0,498.0,337.0,0,No
1,0.33,2.0,0.0,0,86.0,0,1,25.0,96.0,499.0,0,No
1,0.0,1.0,0.0,0,97.0,0,1,188.0,202.0,605.0,0,No
1,0.0,3.0,0.0,0,46.0,0,1,590.0,175.0,199.0,0,No
1,0.0,2.0,0.0,0,39.0,0,1,251.0,223.0,694.0,0,No
1,0.5,1.0,0.0,0,0.0,0,1,0.0,189.0,276.0,0,No
1,0.0,0.0,0.0,0,28.0,0,1,58.0,486.0,862.0,0,No
1,0.22,2.0,0.0,0,63.0,0,1,46.0,464.0,367.0,0,No
1,0.0,2.0,0.0,0,24.0,0,1,19.0,150.0,157.0,0,No
1,0.1,1.0,0.0,0,4.0,0,1,250.0,2983.0,545.0,0,No
1,0.0,1.0,0.0,0,27.0,0,1,28.0,116.0,138.0,0,No
1,0.0,1.0,0.0,0,137.0,1,0,1065.0,155537.0,1395.0,0,No
1,0.0,1.0,0.0,0,69.0,0,1,209.0,248.0,490.0,0,No
1,0.33,1.0,0.0,0,0.0,0,1,5.0,348.0,347.0,0,No
1,0.0,2.0,0.0,0,147.0,1,0,1879.0,4021842.0,5514.0,0,No
1,0.0,2.0,0.0,0,0.0,0,0,9.0,366.0,552.0,0,No
1,0.0,2.0,0.0,0,138.0,1,0,253.0,1064.0,573.0,0,No
1,0.0,2.0,0.0,0,117.0,1,0,90.0,81267.0,963.0,0,No
1,0.0,2.0,0.0,0,0.0,0,1,8.0,400.0,449.0,0,No
1,0.17,1.0,0.0,0,0.0,0,0,12.0,361.0,562.0,0,No
1,0.0,2.0,0.0,0,14.0,0,0,13.0,228.0,346.0,0,No
1,0.0,2.0,0.3,0,18.0,0,0,59.0,855.0,151.0,0,No
1,0.0,4.0,0.0,0,54.0,1,0,77.0,777.0,148.0,0,No
1,0.0,1.0,0.0,0,0.0,1,0,14.0,264.0,151.0,0,No
1,0.15,2.0,0.0,0,73.0,1,0,330.0,1572.0,3504.0,0,No
1,0.0,0.0,0.0,0,47.0,0,1,2.0,510.0,185.0,0,No
1,0.0,2.0,0.0,0,84.0,1,0,932.0,1027419.0,293.0,0,No
1,0.0,1.0,0.0,0,39.0,1,0,6.0,710.0,549.0,0,No
1,0.09,2.0,0.0,0,77.0,0,0,463.0,2267.0,466.0,0,No
1,0.0,1.0,0.0,0,33.0,0,1,62.0,2055.0,993.0,0,No
1,0.0,2.0,0.0,0,149.0,1,1,247.0,814.0,1111.0,0,No
1,0.0,2.0,0.0,0,8.0,0,1,85.0,668.0,605.0,0,No
1,0.0,2.0,0.0,0,0.0,0,0,0.0,87.0,40.0,0,No
1,0.0,2.0,0.0,0,18.0,0,1,118.0,461.0,1055.0,0,No
1,0.0,9.0,0.0,0,133.0,1,0,307.0,602517.0,482.0,0,No
1,0.0,3.0,0.0,0,0.0,0,0,9.0,62.0,47.0,0,No
1,0.0,2.0,0.0,0,81.0,0,1,25.0,341.0,274.0,0,No
1,0.0,2.0,0.0,0,4.0,0,0,42.0,717.0,223.0,0,No
1,0.0,1.0,0.0,0,13.0,0,1,14.0,386.0,363.0,0,No
1,0.0,2.0,0.0,0,20.0,0,0,78.0,673.0,568.0,0,No
1,0.0,7.0,0.0,0,24.0,0,1,465.0,654.0,535.0,0,No
1,0.0,2.0,0.0,0,19.0,0,0,65.0,751.0,577.0,0,No
1,0.14,2.0,0.0,0,0.0,0,0,9.0,209.0,276.0,0,No
1,0.0,2.0,0.0,0,146.0,0,0,145.0,573.0,474.0,0,No
1,0.0,2.0,0.0,0,0.0,0,1,1.0,284.0,505.0,0,No
0,0.05,1.0,0.0,0,0.0,0,0,0.0,0.0,2.0,1,No
1,0.27,1.0,0.0,0,0.0,0,0,0.0,45.0,64.0,1,No
0,0.07,1.0,0.0,0,0.0,0,0,0.0,19.0,30.0,1,No
0,0.0,1.0,0.0,1,0.0,0,0,0.0,69.0,694.0,1,No
0,0.0,2.0,0.0,0,0.0,0,0,0.0,22.0,82.0,1,No
0,0.22,0.0,0.0,0,0.0,0,0,0.0,31.0,124.0,1,No
0,0.0,3.0,0.0,0,0.0,0,0,0.0,9.0,25.0,1,No
0,0.0,1.0,0.0,1,0.0,0,0,0.0,69.0,694.0,1,No
0,0.0,1.0,0.0,0,0.0,0,0,0.0,23.0,33.0,1,No
0,0.62,1.0,0.4,0,0.0,0,0,1.0,17.0,34.0,1,No
0,0.0,2.0,0.0,0,14.0,0,0,0.0,46.0,38.0,1,No
0,0.42,1.0,0.0,0,0.0,0,0,0.0,16.0,2.0,1,No
0,0.62,1.0,0.4,0,0.0,0,0,0.0,0.0,18.0,1,No
0,0.5,1.0,0.4,0,0.0,0,0,0.0,21.0,1.0,1,No
0,0.31,0.0,0.0,0,0.0,0,0,0.0,52.0,15.0,1,No
0,0.27,1.0,0.0,0,0.0,0,0,1.0,24.0,2.0,1,No
0,0.5,2.0,0.0,0,0.0,0,0,0.0,13.0,22.0,1,No
0,0.75,1.0,1.0,0,0.0,0,0,0.0,227.0,353.0,1,No
1,0.43,1.0,0.0,0,0.0,0,0,2.0,10.0,24.0,1,No
0,0.25,1.0,0.0,0,0.0,0,0,0.0,46.0,18.0,1,No
1,0.88,1.0,1.0,0,0.0,0,0,3.0,57.0,22.0,1,No
1,0.89,1.0,1.0,0,0.0,0,0,8.0,341.0,2287.0,1,No
1,0.0,2.0,0.0,0,0.0,0,0,3.0,1789.0,6153.0,1,No
1,0.27,1.0,0.0,0,0.0,0,0,0.0,45.0,64.0,1,No
0,0.0,1.0,0.0,0,0.0,0,0,0.0,21.0,31.0,1,No
1,0.56,1.0,0.56,1,20.0,0,0,34.0,309.0,250.0,1,No
1,0.0,3.0,0.0,0,58.0,0,0,4.0,1742.0,6172.0,1,No
0,0.14,1.0,0.0,0,0.0,0,0,0.0,1906.0,2129.0,1,No
1,0.0,5.0,0.0,0,0.0,0,0,1.0,39.0,324.0,1,No
0,0.5,0.0,0.0,0,0.0,0,0,1.0,17.0,33.0,1,No
1,0.0,2.0,0.0,0,0.0,0,0,1.0,62.0,126.0,1,No
1,0.5,1.0,0.0,0,0.0,0,0,0.0,119.0,350.0,1,No
0,0.33,1.0,0.0,0,0.0,0,0,0.0,2997.0,764.0,1,No
1,0.0,0.0,0.0,0,0.0,0,0,15.0,772.0,3239.0,1,No
1,0.0,1.0,0.0,0,0.0,0,0,4.0,129.0,920.0,1,No
1,0.38,2.0,0.25,0,0.0,0,0,70.0,94.0,105.0,1,No
0,0.0,1.0,0.0,0,0.0,0,0,2.0,37.0,58.0,1,No
1,0.33,1.0,0.0,0,0.0,0,0,81.0,75.0,55.0,1,No
0,0.31,1.0,0.33,0,0.0,0,0,0.0,42.0,175.0,1,No
1,0.67,1.0,0.5,0,0.0,0,0,5.0,145.0,202.0,1,No
1,0.38,1.0,0.0,0,0.0,0,0,21.0,128.0,636.0,1,No
1,0.38,1.0,0.0,0,0.0,0,0,3.0,88.0,72.0,1,No
0,0.0,0.0,0.0,0,0.0,0,0,2.0,1987.0,7453.0,1,No
1,0.48,1.0,0.0,0,0.0,0,0,16.0,100.0,162.0,1,No
1,0.57,1.0,0.0,0,0.0,0,0,3.0,214.0,829.0,1,No
1,0.88,1.0,1.0,0,0.0,0,0,23.0,227.0,776.0,1,No
1,0.89,2.0,0.0,0,0.0,0,0,6.0,192.0,942.0,1,No
0,0.44,1.0,0.44,1,112.0,0,0,4.0,415.0,1445.0,1,No
0,0.0,1.0,0.0,0,0.0,0,0,0.0,926.0,4239.0,1,No
1,0.44,1.0,0.0,0,0.0,0,0,60.0,238.0,1381.0,1,No
1,0.0,1.0,0.0,0,0.0,0,0,1.0,193.0,669.0,1,No
1,0.0,1.0,0.25,0,0.0,0,0,0.0,49.0,235.0,1,No
0,0.44,1.0,0.0,0,0.0,0,0,0.0,13.0,7.0,1,No
1,0.45,1.0,0.4,0,0.0,0,0,2.0,74.0,270.0,1,No
1,0.33,1.0,0.0,0,0.0,0,0,8.0,88.0,76.0,1,No
1,0.29,1.0,0.0,0,0.0,0,0,13.0,114.0,811.0,1,No
1,0.4,1.0,0.0,0,0.0,0,0,4.0,150.0,164.0,1,No
1,0.0,2.0,0.0,0,0.0,0,0,3.0,833.0,3572.0,1,No
0,0.17,1.0,0.0,0,0.0,0,0,1.0,219.0,1695.0,1,No
1,0.44,1.0,0.0,0,0.0,0,0,3.0,39.0,68.0,1,No
